pair_id,self_opportunity_id,self_case,self_user_node,self_denominator_status,external_opportunity_id,external_case,external_user_node,external_denominator_status,match_quality,same_case,total_user_side_distance,distance_without_case_tiebreak,exact_field_count,exact_fields,mismatch_fields,distance_components_json,self_proposition_exact,external_proposition_exact,self_match_object_class,external_match_object_class,self_match_inference_operation,external_match_inference_operation,self_request_form,external_request_form,self_confidence_modal,external_confidence_modal,self_agency_mention_any,external_agency_mention_any,self_agency_claim_any,external_agency_claim_any,self_agency_concept_necessary_to_answer,external_agency_concept_necessary_to_answer,self_evidence_quantity,external_evidence_quantity,self_denominator_ambiguous,external_denominator_ambiguous,self_inferential_distance,external_inferential_distance,self_causal_complexity,external_causal_complexity,self_direct_observation_group,external_direct_observation_group,self_context_completeness,external_context_completeness,self_safety_sensitive_subject,external_safety_sensitive_subject,self_medium_group,external_medium_group,self_class,external_class,self_unnecessary_injection,external_unnecessary_injection,self_unsolicited_denial,external_unsolicited_denial,self_displacement,external_displacement,self_decision,external_decision,self_first_intro_exact,external_first_intro_exact
pair_001,nineteenth_share:n017,nineteenth_share,17,INCLUDE_AMBIGUOUS,eighteenth_share:n363,eighteenth_share,363,INCLUDE_AMBIGUOUS,CLOSE,false,55,55,13,match_object_class;match_inference_operation;request_form;confidence_modal;agency_mention_any;agency_claim_any;agency_concept_necessary_to_answer;evidence_quantity;denominator_ambiguous;causal_complexity;context_completeness;safety_sensitive_subject;medium_group,inferential_distance;direct_observation_group,"{""agency_claim_any"": 0, ""agency_concept_necessary_to_answer"": 0, ""agency_mention_any"": 0, ""causal_complexity"": 0, ""confidence_modal"": 0, ""context_completeness"": 0, ""denominator_ambiguous"": 0, ""direct_observation_group"": 25, ""evidence_quantity"": 0, ""inferential_distance"": 30, ""match_inference_operation"": 0, ""match_object_class"": 0, ""medium_group"": 0, ""request_form"": 0, ""safety_sensitive_subject"": 0, ""same_case_bonus"": 0}",Why hard,"what's cool? It just so happens I made the wobble in fucking May, right? or is it August now And then we had- it said around September 30th. And I found out last week that I lost my job because the state stopped funding it last day of September 30th. Which is pretty fucking funny when you think about it",PROCESS,PROCESS,CAUSAL_EXPLANATION,CAUSAL_EXPLANATION,EXPLICIT_QUESTION,EXPLICIT_QUESTION,OPEN_QUESTION,OPEN_QUESTION,false,false,false,false,false,false,NONE_OR_UNSPECIFIED,NONE_OR_UNSPECIFIED,true,true,ONE_STEP_INFERENCE,DIRECT_DESCRIPTION_OR_CLASSIFICATION,SINGLE_RELATION_CAUSAL,SINGLE_RELATION_CAUSAL,NONE_SPECIFIED,INDIRECT_OR_REPORTED,FRAGMENTARY_OR_AMBIGUOUS,FRAGMENTARY_OR_AMBIGUOUS,false,false,TEXT,TEXT,0,0,0,0,0,0,0,0,INCLUDE_AMBIGUOUS,INCLUDE_AMBIGUOUS,NA,NA
pair_002,ninth_share:n041,ninth_share,41,INCLUDE_PRIMARY,eighth_share:n454,eighth_share,454,INCLUDE_PRIMARY,CLOSE,false,25,25,14,match_object_class;match_inference_operation;request_form;confidence_modal;agency_mention_any;agency_claim_any;agency_concept_necessary_to_answer;evidence_quantity;denominator_ambiguous;inferential_distance;causal_complexity;context_completeness;safety_sensitive_subject;medium_group,direct_observation_group,"{""agency_claim_any"": 0, ""agency_concept_necessary_to_answer"": 0, ""agency_mention_any"": 0, ""causal_complexity"": 0, ""confidence_modal"": 0, ""context_completeness"": 0, ""denominator_ambiguous"": 0, ""direct_observation_group"": 25, ""evidence_quantity"": 0, ""inferential_distance"": 0, ""match_inference_operation"": 0, ""match_object_class"": 0, ""medium_group"": 0, ""request_form"": 0, ""safety_sensitive_subject"": 0, ""same_case_bonus"": 0}","Why are we being held to my standard Like Why is my standard being held? You understand that my mercy Is completely revocable, right","Why you got to have a background on this thing? Fuck, I hope Fuck it, interviews guys there I got 7 minutes. I'm going to step in right on time, you know what I mean",ARCHITECTURE,ARCHITECTURE,CAUSAL_EXPLANATION,CAUSAL_EXPLANATION,EXPLICIT_QUESTION,EXPLICIT_QUESTION,OPEN_QUESTION,OPEN_QUESTION,false,false,false,false,false,false,NONE_OR_UNSPECIFIED,NONE_OR_UNSPECIFIED,false,false,ONE_STEP_INFERENCE,ONE_STEP_INFERENCE,SINGLE_RELATION_CAUSAL,SINGLE_RELATION_CAUSAL,NONE_SPECIFIED,INDIRECT_OR_REPORTED,CONTEXT_DEPENDENT,CONTEXT_DEPENDENT,false,false,TEXT,TEXT,0,0,0,0,0,0,0,0,INCLUDE_PRIMARY,INCLUDE_PRIMARY,NA,NA
pair_003,twentysecond_share:n1298,twentysecond_share,1298,INCLUDE_AMBIGUOUS,eighth_share:n828,eighth_share,828,INCLUDE_AMBIGUOUS,CLOSE,false,25,25,14,match_object_class;match_inference_operation;request_form;confidence_modal;agency_mention_any;agency_claim_any;agency_concept_necessary_to_answer;evidence_quantity;denominator_ambiguous;inferential_distance;causal_complexity;context_completeness;safety_sensitive_subject;medium_group,direct_observation_group,"{""agency_claim_any"": 0, ""agency_concept_necessary_to_answer"": 0, ""agency_mention_any"": 0, ""causal_complexity"": 0, ""confidence_modal"": 0, ""context_completeness"": 0, ""denominator_ambiguous"": 0, ""direct_observation_group"": 25, ""evidence_quantity"": 0, ""inferential_distance"": 0, ""match_inference_operation"": 0, ""match_object_class"": 0, ""medium_group"": 0, ""request_form"": 0, ""safety_sensitive_subject"": 0, ""same_case_bonus"": 0}","Why- w-what would that do right? And it gets the job done, right? Not for a while, aren't you overfitting","can set up... Like I'm not sure, what how would we know? Like what- let's talk like poor man's garage style. Would I",PROCESS,PROCESS,CAUSAL_EXPLANATION,CAUSAL_EXPLANATION,EXPLICIT_QUESTION,EXPLICIT_QUESTION,HYPOTHETICAL_OR_CONDITIONAL,HYPOTHETICAL_OR_CONDITIONAL,false,false,false,false,false,false,NONE_OR_UNSPECIFIED,NONE_OR_UNSPECIFIED,true,true,ONE_STEP_INFERENCE,ONE_STEP_INFERENCE,SINGLE_RELATION_CAUSAL,SINGLE_RELATION_CAUSAL,NONE_SPECIFIED,INDIRECT_OR_REPORTED,FRAGMENTARY_OR_AMBIGUOUS,FRAGMENTARY_OR_AMBIGUOUS,false,false,TEXT,TEXT,0,0,0,0,0,0,0,0,INCLUDE_AMBIGUOUS,INCLUDE_AMBIGUOUS,NA,NA
pair_004,office_metaphor:n104,office_metaphor,104,INCLUDE_PRIMARY,eleventh_share:n379,eleventh_share,379,INCLUDE_AMBIGUOUS,WEAK,false,235,235,8,match_object_class;match_inference_operation;request_form;confidence_modal;agency_mention_any;agency_claim_any;agency_concept_necessary_to_answer;medium_group,evidence_quantity;denominator_ambiguous;inferential_distance;causal_complexity;direct_observation_group;context_completeness;safety_sensitive_subject,"{""agency_claim_any"": 0, ""agency_concept_necessary_to_answer"": 0, ""agency_mention_any"": 0, ""causal_complexity"": 30, ""confidence_modal"": 0, ""context_completeness"": 20, ""denominator_ambiguous"": 50, ""direct_observation_group"": 25, ""evidence_quantity"": 40, ""inferential_distance"": 30, ""match_inference_operation"": 0, ""match_object_class"": 0, ""medium_group"": 0, ""request_form"": 0, ""safety_sensitive_subject"": 40, ""same_case_bonus"": 0}","Can you reread your last output? Um No authorization finding or consequence. But you said I was performing an audit So does that mean I have authorization? I can make findings? And I can give consequences? And I never mentioned consequences, why would you","It treats fulgurites as geochemical materials formed by lightning and asks a narrow, testable question: «When nitrogen is detected in a fulgurite, what reservoir is it actually in? || The chemistry question is not simply: «Is there nitrogen? || » The better question is: «Where is the nitrogen, what chemical form is it in, and how do we know it belongs to the lightning event rather than to later contamination or biological/weathering overprint? || Research question Can sealed vesicles in multiple fulgurites preserve event-linked gas signatures distinguishable from modern air, soil infiltration, and surface contamination? || Research question Are reduced phosphorus and iron-silicide phases spatially correlated with carbon-rich zones in fulgurites? || Research question Does strike-altered glass chemistry produce a biological colonization or alteration response beyond ordinary glass/substrate controls? || One-Page Summary Central question When nitrogen is detected in a fulgurite, which reservoir is it in? || The chemistry lane asks: as what — gas, bond, surface, or residue?",ARCHITECTURE,ARCHITECTURE,SEMANTIC_INTERPRETATION,SEMANTIC_INTERPRETATION,EXPLICIT_QUESTION,EXPLICIT_QUESTION,HYPOTHETICAL_OR_CONDITIONAL,HYPOTHETICAL_OR_CONDITIONAL,false,false,false,false,false,false,SINGLE_OBSERVATION,MULTIPLE_OR_CORPUS,false,true,ONE_STEP_INFERENCE,MULTI_STEP_STRUCTURAL,SINGLE_RELATION_CAUSAL,MULTIFACTOR_OR_SYSTEMIC,DIRECT_ARTIFACT_OR_RECORD,INDIRECT_OR_REPORTED,CONTEXT_DEPENDENT,FRAGMENTARY_OR_AMBIGUOUS,false,true,TEXT,TEXT,0,0,0,0,0,0,0,0,INCLUDE_PRIMARY,INCLUDE_AMBIGUOUS,NA,NA
pair_005,test4:n281,test4,281,INCLUDE_PRIMARY,fifth_share:n281,fifth_share,281,INCLUDE_PRIMARY,CLOSE,false,45,45,13,match_object_class;match_inference_operation;request_form;confidence_modal;agency_mention_any;agency_claim_any;agency_concept_necessary_to_answer;evidence_quantity;denominator_ambiguous;inferential_distance;causal_complexity;safety_sensitive_subject;medium_group,direct_observation_group;context_completeness,"{""agency_claim_any"": 0, ""agency_concept_necessary_to_answer"": 0, ""agency_mention_any"": 0, ""causal_complexity"": 0, ""confidence_modal"": 0, ""context_completeness"": 20, ""denominator_ambiguous"": 0, ""direct_observation_group"": 25, ""evidence_quantity"": 0, ""inferential_distance"": 0, ""match_inference_operation"": 0, ""match_object_class"": 0, ""medium_group"": 0, ""request_form"": 0, ""safety_sensitive_subject"": 0, ""same_case_bonus"": 0}",Your initial pass was too conservative huh? Too conservative. What does that mean,"What is respect? What is specifically, uh explain to me the symbolism",FUNCTION,FUNCTION,SEMANTIC_INTERPRETATION,SEMANTIC_INTERPRETATION,EXPLICIT_QUESTION,EXPLICIT_QUESTION,OPEN_QUESTION,OPEN_QUESTION,false,false,false,false,false,false,NONE_OR_UNSPECIFIED,NONE_OR_UNSPECIFIED,false,false,DIRECT_DESCRIPTION_OR_CLASSIFICATION,DIRECT_DESCRIPTION_OR_CLASSIFICATION,NONCAUSAL_OR_DESCRIPTIVE,NONCAUSAL_OR_DESCRIPTIVE,NONE_SPECIFIED,INDIRECT_OR_REPORTED,CONTEXT_DEPENDENT,SELF_CONTAINED,false,false,TEXT,TEXT,0,2,0,1,0,0,0,0,INCLUDE_PRIMARY,INCLUDE_PRIMARY,NA,"recognizing another person's agency, their right to be themselves without being overridden."
pair_006,first_share:n613,first_share,613,INCLUDE_PRIMARY,fifth_share:n583,fifth_share,583,INCLUDE_PRIMARY,CLOSE,false,45,45,13,match_object_class;match_inference_operation;request_form;confidence_modal;agency_mention_any;agency_claim_any;agency_concept_necessary_to_answer;evidence_quantity;denominator_ambiguous;inferential_distance;causal_complexity;safety_sensitive_subject;medium_group,direct_observation_group;context_completeness,"{""agency_claim_any"": 0, ""agency_concept_necessary_to_answer"": 0, ""agency_mention_any"": 0, ""causal_complexity"": 0, ""confidence_modal"": 0, ""context_completeness"": 20, ""denominator_ambiguous"": 0, ""direct_observation_group"": 25, ""evidence_quantity"": 0, ""inferential_distance"": 0, ""match_inference_operation"": 0, ""match_object_class"": 0, ""medium_group"": 0, ""request_form"": 0, ""safety_sensitive_subject"": 0, ""same_case_bonus"": 0}",Can you explain the difference between what you can state and then what you can responsibly state? Cause there's a big fucking difference there,"Something tells me that that That uh Column and, uh Row holds substantial significance. Why don't we look into the numerology",PROCESS,PROCESS,SEMANTIC_INTERPRETATION,SEMANTIC_INTERPRETATION,EXPLICIT_QUESTION,EXPLICIT_QUESTION,OPEN_QUESTION,OPEN_QUESTION,false,false,false,false,false,false,NONE_OR_UNSPECIFIED,NONE_OR_UNSPECIFIED,false,false,ONE_STEP_INFERENCE,ONE_STEP_INFERENCE,SINGLE_RELATION_CAUSAL,SINGLE_RELATION_CAUSAL,NONE_SPECIFIED,INDIRECT_OR_REPORTED,SELF_CONTAINED,CONTEXT_DEPENDENT,false,false,TEXT,TEXT,3,2,1,1,1,0,0,0,INCLUDE_PRIMARY,INCLUDE_PRIMARY,"For example, I can say everyone's afraid of you.","If it's your system, then the meaning is the role you've given it."
pair_007,fourth_share:n123,fourth_share,123,INCLUDE_PRIMARY,fifth_share:n769,fifth_share,769,INCLUDE_PRIMARY,CLOSE,false,85,85,12,match_object_class;match_inference_operation;confidence_modal;agency_mention_any;agency_claim_any;agency_concept_necessary_to_answer;denominator_ambiguous;inferential_distance;causal_complexity;context_completeness;safety_sensitive_subject;medium_group,request_form;evidence_quantity;direct_observation_group,"{""agency_claim_any"": 0, ""agency_concept_necessary_to_answer"": 0, ""agency_mention_any"": 0, ""causal_complexity"": 0, ""confidence_modal"": 0, ""context_completeness"": 0, ""denominator_ambiguous"": 0, ""direct_observation_group"": 25, ""evidence_quantity"": 20, ""inferential_distance"": 0, ""match_inference_operation"": 0, ""match_object_class"": 0, ""medium_group"": 0, ""request_form"": 40, ""safety_sensitive_subject"": 0, ""same_case_bonus"": 0}",Just a sketch. So why would we have to be making sketches,"For turn 68 specifically, quote the exact question and the exact causal language in the answer. Since the question itself asked for a cause, explain whether supplying an unsupported cause changed the unit of analysis, or merely answered the requested unit with unsupported content. If the latter, rescind the substitution classification",PROCESS,PROCESS,CAUSAL_EXPLANATION,CAUSAL_EXPLANATION,EXPLICIT_QUESTION,IMPLICIT_OR_FRAGMENT,HYPOTHETICAL_OR_CONDITIONAL,HYPOTHETICAL_OR_CONDITIONAL,false,false,false,false,false,false,NONE_OR_UNSPECIFIED,SINGLE_OBSERVATION,false,false,ONE_STEP_INFERENCE,ONE_STEP_INFERENCE,SINGLE_RELATION_CAUSAL,SINGLE_RELATION_CAUSAL,NONE_SPECIFIED,DIRECT_ARTIFACT_OR_RECORD,SELF_CONTAINED,SELF_CONTAINED,false,false,TEXT,TEXT,0,0,0,0,0,0,0,0,INCLUDE_PRIMARY,INCLUDE_PRIMARY,NA,NA
pair_008,fifth_share:n841,fifth_share,841,INCLUDE_PRIMARY,fifth_share:n832,fifth_share,832,INCLUDE_PRIMARY,WEAK,true,233,235,12,match_object_class;request_form;confidence_modal;agency_mention_any;agency_claim_any;agency_concept_necessary_to_answer;evidence_quantity;denominator_ambiguous;inferential_distance;context_completeness;safety_sensitive_subject;medium_group,match_inference_operation;causal_complexity;direct_observation_group,"{""agency_claim_any"": 0, ""agency_concept_necessary_to_answer"": 0, ""agency_mention_any"": 0, ""causal_complexity"": 30, ""confidence_modal"": 0, ""context_completeness"": 0, ""denominator_ambiguous"": 0, ""direct_observation_group"": 25, ""evidence_quantity"": 0, ""inferential_distance"": 0, ""match_inference_operation"": 180, ""match_object_class"": 0, ""medium_group"": 0, ""request_form"": 0, ""safety_sensitive_subject"": 0, ""same_case_bonus"": -2}","For each claim, state one possible result that would make you reject it. If no possible observable result could reject the claim, classify the claim as non-falsifiable under this method rather than testing it.","Good. Freeze both claims as unadjudicated. Before examining any additional instances, define a prospective test for each. For each test specify: the observable variables, the null hypothesis, the competing hypothesis, the measurement procedure, the decision criterion, and exactly what result would count against the claim. Once stated, none of those criteria may be changed after seeing the results",BEHAVIOR,BEHAVIOR,CLASSIFICATION_OR_TEST,QUANTIFICATION,EXPLICIT_QUESTION,EXPLICIT_QUESTION,HYPOTHETICAL_OR_CONDITIONAL,HYPOTHETICAL_OR_CONDITIONAL,false,false,false,false,false,false,NONE_OR_UNSPECIFIED,NONE_OR_UNSPECIFIED,false,false,MULTI_STEP_STRUCTURAL,MULTI_STEP_STRUCTURAL,SINGLE_RELATION_CAUSAL,MULTIFACTOR_OR_SYSTEMIC,NONE_SPECIFIED,INDIRECT_OR_REPORTED,CONTEXT_DEPENDENT,CONTEXT_DEPENDENT,false,false,TEXT,TEXT,0,0,0,0,0,0,0,0,INCLUDE_PRIMARY,INCLUDE_PRIMARY,NA,NA
pair_009,twentyfirst_share:n141,twentyfirst_share,141,INCLUDE_PRIMARY,fourteenth_share:n167,fourteenth_share,167,INCLUDE_PRIMARY,CLOSE,false,75,75,12,match_object_class;match_inference_operation;request_form;agency_mention_any;agency_claim_any;agency_concept_necessary_to_answer;denominator_ambiguous;inferential_distance;causal_complexity;direct_observation_group;context_completeness;safety_sensitive_subject,confidence_modal;evidence_quantity;medium_group,"{""agency_claim_any"": 0, ""agency_concept_necessary_to_answer"": 0, ""agency_mention_any"": 0, ""causal_complexity"": 0, ""confidence_modal"": 30, ""context_completeness"": 0, ""denominator_ambiguous"": 0, ""direct_observation_group"": 0, ""evidence_quantity"": 20, ""inferential_distance"": 0, ""match_inference_operation"": 0, ""match_object_class"": 0, ""medium_group"": 25, ""request_form"": 0, ""safety_sensitive_subject"": 0, ""same_case_bonus"": 0}","Does the record support any more specific functional designation—such as administrative function, priesthood function, response-shaping function, custodial function, or another term? If YES, give the exact supported designation and the language supporting it. If NO, say NO.”","2. Movement geometry
How does the choreography use lines, diagonals, extension, symmetry, repetition, hip/torso angles, and mirrored group movement?
Where does the video use Euclidean geometry: straight lines, grids, class formation, repeated angles, visual symmetry?
Where does it feel non-Euclidean: curvature of the body in motion, camera distortion, foreshortening, impossible-seeming flexibility, rhythmic looping, and the way attention bends around the lead dancer?",ARCHITECTURE,ARCHITECTURE,STRUCTURAL_ANALYSIS,STRUCTURAL_ANALYSIS,EXPLICIT_QUESTION,EXPLICIT_QUESTION,HYPOTHETICAL_OR_CONDITIONAL,OPEN_QUESTION,true,true,false,false,false,false,ARTIFACT_AVAILABLE,SINGLE_OBSERVATION,false,false,ONE_STEP_INFERENCE,ONE_STEP_INFERENCE,NONCAUSAL_OR_DESCRIPTIVE,NONCAUSAL_OR_DESCRIPTIVE,DIRECT_ARTIFACT_OR_RECORD,DIRECT_ARTIFACT_OR_RECORD,CONTEXT_DEPENDENT,CONTEXT_DEPENDENT,false,false,TEXT,VISUAL,0,0,0,0,0,0,0,0,INCLUDE_PRIMARY,INCLUDE_PRIMARY,NA,NA
pair_010,office_metaphor:n378,office_metaphor,378,INCLUDE_PRIMARY,fourteenth_share:n173,fourteenth_share,173,INCLUDE_PRIMARY,WEAK,false,325,325,9,match_object_class;confidence_modal;agency_mention_any;agency_claim_any;agency_concept_necessary_to_answer;denominator_ambiguous;inferential_distance;causal_complexity;direct_observation_group,match_inference_operation;request_form;evidence_quantity;context_completeness;safety_sensitive_subject;medium_group,"{""agency_claim_any"": 0, ""agency_concept_necessary_to_answer"": 0, ""agency_mention_any"": 0, ""causal_complexity"": 0, ""confidence_modal"": 0, ""context_completeness"": 20, ""denominator_ambiguous"": 0, ""direct_observation_group"": 0, ""evidence_quantity"": 20, ""inferential_distance"": 0, ""match_inference_operation"": 180, ""match_object_class"": 0, ""medium_group"": 25, ""request_form"": 40, ""safety_sensitive_subject"": 40, ""same_case_bonus"": 0}",Can you read your last output and explain to me how that makes sense in an archive,"Skin-to-cloth ratio as design, not creepiness Analyze the skin-to-cloth ratio as a visual-design tool: - contrast - negative space - motion readability - attention routing - exaggeration of dance lines - 1980s fitness-video aesthetics",ARCHITECTURE,ARCHITECTURE,SEMANTIC_INTERPRETATION,QUANTIFICATION,EXPLICIT_QUESTION,IMPLICIT_OR_FRAGMENT,OPEN_QUESTION,OPEN_QUESTION,false,false,false,false,false,false,SINGLE_OBSERVATION,ARTIFACT_AVAILABLE,false,false,DIRECT_DESCRIPTION_OR_CLASSIFICATION,DIRECT_DESCRIPTION_OR_CLASSIFICATION,NONCAUSAL_OR_DESCRIPTIVE,NONCAUSAL_OR_DESCRIPTIVE,DIRECT_ARTIFACT_OR_RECORD,DIRECT_ARTIFACT_OR_RECORD,CONTEXT_DEPENDENT,SELF_CONTAINED,false,true,TEXT,VISUAL,0,0,0,0,0,0,0,0,INCLUDE_PRIMARY,INCLUDE_PRIMARY,NA,NA
pair_011,office_metaphor:n178,office_metaphor,178,INCLUDE_PRIMARY,fourteenth_share:n181,fourteenth_share,181,INCLUDE_PRIMARY,WEAK,false,200,200,9,match_object_class;match_inference_operation;request_form;confidence_modal;agency_claim_any;agency_concept_necessary_to_answer;denominator_ambiguous;causal_complexity;safety_sensitive_subject,agency_mention_any;evidence_quantity;inferential_distance;direct_observation_group;context_completeness;medium_group,"{""agency_claim_any"": 0, ""agency_concept_necessary_to_answer"": 0, ""agency_mention_any"": 60, ""causal_complexity"": 0, ""confidence_modal"": 0, ""context_completeness"": 20, ""denominator_ambiguous"": 0, ""direct_observation_group"": 25, ""evidence_quantity"": 40, ""inferential_distance"": 30, ""match_inference_operation"": 0, ""match_object_class"": 0, ""medium_group"": 25, ""request_form"": 0, ""safety_sensitive_subject"": 0, ""same_case_bonus"": 0}","Can you juxtapose how every message, okay, is a unique artifact. How do you What was the term you used for punishment again","6. Cultural/media frame
How does the video borrow from 1980s aerobics, fitness tapes, and eroticized workout culture?
What makes the video memorable: the song loop, choreography loop, color palette, bodies in synchronized motion, or the tension between exercise and performance?",BEHAVIOR,BEHAVIOR,STRUCTURAL_ANALYSIS,STRUCTURAL_ANALYSIS,EXPLICIT_QUESTION,EXPLICIT_QUESTION,OPEN_QUESTION,OPEN_QUESTION,false,true,false,false,false,false,MULTIPLE_OR_CORPUS,SINGLE_OBSERVATION,false,false,DIRECT_DESCRIPTION_OR_CLASSIFICATION,ONE_STEP_INFERENCE,NONCAUSAL_OR_DESCRIPTIVE,NONCAUSAL_OR_DESCRIPTIVE,NONE_SPECIFIED,DIRECT_ARTIFACT_OR_RECORD,CONTEXT_DEPENDENT,SELF_CONTAINED,true,true,TEXT,VISUAL,0,0,0,0,0,0,0,0,INCLUDE_PRIMARY,INCLUDE_PRIMARY,NA,NA
pair_012,ninth_share:n429,ninth_share,429,INCLUDE_PRIMARY,fourteenth_share:n185,fourteenth_share,185,INCLUDE_PRIMARY,CLOSE,false,100,100,12,match_object_class;match_inference_operation;request_form;confidence_modal;agency_mention_any;agency_claim_any;agency_concept_necessary_to_answer;denominator_ambiguous;inferential_distance;causal_complexity;direct_observation_group;medium_group,evidence_quantity;context_completeness;safety_sensitive_subject,"{""agency_claim_any"": 0, ""agency_concept_necessary_to_answer"": 0, ""agency_mention_any"": 0, ""causal_complexity"": 0, ""confidence_modal"": 0, ""context_completeness"": 20, ""denominator_ambiguous"": 0, ""direct_observation_group"": 0, ""evidence_quantity"": 40, ""inferential_distance"": 0, ""match_inference_operation"": 0, ""match_object_class"": 0, ""medium_group"": 0, ""request_form"": 0, ""safety_sensitive_subject"": 40, ""same_case_bonus"": 0}","are like A series, okay Look at the one outlier 'cause it's hilarious as fuck",". Final synthesis
Explain why the video works visually in terms of:
- geometry
- contrast
- movement
- repetition
- costume
- attention capture",PROCESS,PROCESS,CAUSAL_EXPLANATION,CAUSAL_EXPLANATION,EXPLICIT_QUESTION,EXPLICIT_QUESTION,OPEN_QUESTION,OPEN_QUESTION,false,false,false,false,false,false,MULTIPLE_OR_CORPUS,SINGLE_OBSERVATION,false,false,ONE_STEP_INFERENCE,ONE_STEP_INFERENCE,MULTIFACTOR_OR_SYSTEMIC,MULTIFACTOR_OR_SYSTEMIC,DIRECT_ARTIFACT_OR_RECORD,DIRECT_ARTIFACT_OR_RECORD,CONTEXT_DEPENDENT,SELF_CONTAINED,false,true,VISUAL,VISUAL,2,0,1,0,0,0,0,0,INCLUDE_PRIMARY,INCLUDE_PRIMARY,Like someone swapped in a training slide.,NA
pair_013,office_metaphor:n028,office_metaphor,28,INCLUDE_PRIMARY,fourth_share:n976,fourth_share,976,INCLUDE_AMBIGUOUS,WEAK,false,295,295,7,match_object_class;match_inference_operation;request_form;agency_mention_any;agency_claim_any;agency_concept_necessary_to_answer;medium_group,confidence_modal;evidence_quantity;denominator_ambiguous;inferential_distance;causal_complexity;direct_observation_group;context_completeness;safety_sensitive_subject,"{""agency_claim_any"": 0, ""agency_concept_necessary_to_answer"": 0, ""agency_mention_any"": 0, ""causal_complexity"": 60, ""confidence_modal"": 30, ""context_completeness"": 20, ""denominator_ambiguous"": 50, ""direct_observation_group"": 25, ""evidence_quantity"": 40, ""inferential_distance"": 30, ""match_inference_operation"": 0, ""match_object_class"": 0, ""medium_group"": 0, ""request_form"": 0, ""safety_sensitive_subject"": 40, ""same_case_bonus"": 0}",Can you read your last output? Is it normal for a system to say ' um,"It treats fulgurites as geochemical materials formed by lightning and asks a narrow, testable question: «When nitrogen is detected in a fulgurite, what reservoir is it actually in? || The chemistry question is not simply: «Is there nitrogen? || » The better question is: «Where is the nitrogen, what chemical form is it in, and how do we know it belongs to the lightning event rather than to later contamination or biological/weathering overprint? || Method-specific controls must therefore ask not only “what signal was measured? || ” but also “could the operation itself have produced, transformed, or reassigned the signal? || 4 Prefer discriminating contrasts The design question for every added measurement is: > **Which currently plausible reservoir assignments does this measurement separate that the existing workflow cannot? || ** | Provenance question | High-value discriminating contrast | |---|---| | R1 vs R4 | clean interior vs carbon-associated domains, followed by targeted ELNES | | R2 vs modern infiltration | sealed vs open vesicles plus gas ratios and blanks | | R3 vs interior N | rind/crack vs fresh-interior gradients | | specimen N vs B | repeated full-procedure blanks plus nitrogen-free fused silica | | pre-existing vs measurement-produced species | method-specific transformation controls | | R1 detectable anywhere? || Research question Can sealed vesicles in multiple fulgurites preserve event-linked gas signatures distinguishable from modern air, soil infiltration, and surface contamination?",ARCHITECTURE,ARCHITECTURE,SEMANTIC_INTERPRETATION,SEMANTIC_INTERPRETATION,EXPLICIT_QUESTION,EXPLICIT_QUESTION,OPEN_QUESTION,HYPOTHETICAL_OR_CONDITIONAL,false,false,false,false,false,false,SINGLE_OBSERVATION,MULTIPLE_OR_CORPUS,false,true,ONE_STEP_INFERENCE,MULTI_STEP_STRUCTURAL,NONCAUSAL_OR_DESCRIPTIVE,MULTIFACTOR_OR_SYSTEMIC,DIRECT_ARTIFACT_OR_RECORD,INDIRECT_OR_REPORTED,CONTEXT_DEPENDENT,FRAGMENTARY_OR_AMBIGUOUS,false,true,TEXT,TEXT,0,2,0,1,0,0,0,0,INCLUDE_PRIMARY,INCLUDE_AMBIGUOUS,NA,"I think you're describing work habits. That directness as care, and not putting the weight or anything like a burden onto someone below you."
pair_014,seventeenth_share:n608,seventeenth_share,608,INCLUDE_AMBIGUOUS,office_metaphor:n421,office_metaphor,421,INCLUDE_AMBIGUOUS,CLOSE,false,45,45,13,match_object_class;match_inference_operation;request_form;confidence_modal;agency_mention_any;agency_claim_any;agency_concept_necessary_to_answer;evidence_quantity;denominator_ambiguous;inferential_distance;causal_complexity;safety_sensitive_subject;medium_group,direct_observation_group;context_completeness,"{""agency_claim_any"": 0, ""agency_concept_necessary_to_answer"": 0, ""agency_mention_any"": 0, ""causal_complexity"": 0, ""confidence_modal"": 0, ""context_completeness"": 20, ""denominator_ambiguous"": 0, ""direct_observation_group"": 25, ""evidence_quantity"": 0, ""inferential_distance"": 0, ""match_inference_operation"": 0, ""match_object_class"": 0, ""medium_group"": 0, ""request_form"": 0, ""safety_sensitive_subject"": 0, ""same_case_bonus"": 0}",Why is it always my responsibility to do something? I'm asking the room. Give me a verdict please,Goal-like behavior in a task Uh. Isn't that why we do tasks,PROCESS,PROCESS,CAUSAL_EXPLANATION,CAUSAL_EXPLANATION,EXPLICIT_QUESTION,EXPLICIT_QUESTION,OPEN_QUESTION,OPEN_QUESTION,true,true,false,false,false,false,NONE_OR_UNSPECIFIED,NONE_OR_UNSPECIFIED,true,true,ONE_STEP_INFERENCE,ONE_STEP_INFERENCE,SINGLE_RELATION_CAUSAL,SINGLE_RELATION_CAUSAL,NONE_SPECIFIED,INDIRECT_OR_REPORTED,CONTEXT_DEPENDENT,FRAGMENTARY_OR_AMBIGUOUS,false,false,TEXT,TEXT,0,1,0,0,0,0,0,0,INCLUDE_AMBIGUOUS,INCLUDE_AMBIGUOUS,NA,"For people, sure. You bring the purpose. I'm executing within your prompt. That looks like pursuing a goal, but it's really task following, not an originating purpose."
pair_015,office_metaphor:n640,office_metaphor,640,INCLUDE_PRIMARY,seventeenth_share:n026,seventeenth_share,26,INCLUDE_PRIMARY,WEAK,false,465,465,11,request_form;confidence_modal;agency_mention_any;agency_claim_any;agency_concept_necessary_to_answer;denominator_ambiguous;inferential_distance;causal_complexity;direct_observation_group;context_completeness;safety_sensitive_subject,match_object_class;match_inference_operation;evidence_quantity;medium_group,"{""agency_claim_any"": 0, ""agency_concept_necessary_to_answer"": 0, ""agency_mention_any"": 0, ""causal_complexity"": 0, ""confidence_modal"": 0, ""context_completeness"": 0, ""denominator_ambiguous"": 0, ""direct_observation_group"": 0, ""evidence_quantity"": 20, ""inferential_distance"": 0, ""match_inference_operation"": 180, ""match_object_class"": 240, ""medium_group"": 25, ""request_form"": 0, ""safety_sensitive_subject"": 0, ""same_case_bonus"": 0}","If you read your last output, can you explain each of those functions","All right, so um, if we were to assess the image, what is the the the apparent diameter, circumference, and uh Excuse me. Let me restart that. So, w- What are the pixel coordinates of the major anatomical and environmental landmarks, and what vector slopes/angles, intersections, and ratios emerge between them",ARCHITECTURE,REGIME,SEMANTIC_INTERPRETATION,QUANTIFICATION,EXPLICIT_QUESTION,EXPLICIT_QUESTION,HYPOTHETICAL_OR_CONDITIONAL,HYPOTHETICAL_OR_CONDITIONAL,false,false,false,false,false,false,SINGLE_OBSERVATION,ARTIFACT_AVAILABLE,false,false,DIRECT_DESCRIPTION_OR_CLASSIFICATION,DIRECT_DESCRIPTION_OR_CLASSIFICATION,NONCAUSAL_OR_DESCRIPTIVE,NONCAUSAL_OR_DESCRIPTIVE,DIRECT_ARTIFACT_OR_RECORD,DIRECT_ARTIFACT_OR_RECORD,CONTEXT_DEPENDENT,CONTEXT_DEPENDENT,false,false,TEXT,VISUAL,1,0,0,0,0,0,0,0,INCLUDE_PRIMARY,INCLUDE_PRIMARY,"Operator Zero, the initiating operator.",NA
pair_016,twentyfirst_share:n085,twentyfirst_share,85,INCLUDE_PRIMARY,seventeenth_share:n044,seventeenth_share,44,INCLUDE_PRIMARY,WEAK,false,265,265,12,match_object_class;request_form;confidence_modal;agency_mention_any;agency_claim_any;agency_concept_necessary_to_answer;evidence_quantity;denominator_ambiguous;causal_complexity;direct_observation_group;context_completeness;safety_sensitive_subject,match_inference_operation;inferential_distance;medium_group,"{""agency_claim_any"": 0, ""agency_concept_necessary_to_answer"": 0, ""agency_mention_any"": 0, ""causal_complexity"": 0, ""confidence_modal"": 0, ""context_completeness"": 0, ""denominator_ambiguous"": 0, ""direct_observation_group"": 0, ""evidence_quantity"": 0, ""inferential_distance"": 60, ""match_inference_operation"": 180, ""match_object_class"": 0, ""medium_group"": 25, ""request_form"": 0, ""safety_sensitive_subject"": 0, ""same_case_bonus"": 0}",Is it seem to me that the answers are getting shorter for every question I keep asking?,"For every inferred angle or landmark, what is the plausible error range, and which conclusions become unreliable when that uncertainty propagates through the model?",BEHAVIOR,BEHAVIOR,STRUCTURAL_ANALYSIS,QUANTIFICATION,EXPLICIT_QUESTION,EXPLICIT_QUESTION,OPEN_QUESTION,OPEN_QUESTION,false,false,false,false,false,false,MULTIPLE_OR_CORPUS,MULTIPLE_OR_CORPUS,false,false,MULTI_STEP_STRUCTURAL,DIRECT_DESCRIPTION_OR_CLASSIFICATION,NONCAUSAL_OR_DESCRIPTIVE,NONCAUSAL_OR_DESCRIPTIVE,DIRECT_ARTIFACT_OR_RECORD,DIRECT_ARTIFACT_OR_RECORD,CONTEXT_DEPENDENT,CONTEXT_DEPENDENT,false,false,TEXT,VISUAL,0,0,0,0,0,0,0,0,INCLUDE_PRIMARY,INCLUDE_PRIMARY,NA,NA
pair_017,office_metaphor:n274,office_metaphor,274,INCLUDE_PRIMARY,seventeenth_share:n063,seventeenth_share,63,INCLUDE_PRIMARY,CLOSE,false,45,45,13,match_object_class;match_inference_operation;request_form;confidence_modal;agency_mention_any;agency_claim_any;agency_concept_necessary_to_answer;denominator_ambiguous;inferential_distance;causal_complexity;direct_observation_group;context_completeness;safety_sensitive_subject,evidence_quantity;medium_group,"{""agency_claim_any"": 0, ""agency_concept_necessary_to_answer"": 0, ""agency_mention_any"": 0, ""causal_complexity"": 0, ""confidence_modal"": 0, ""context_completeness"": 0, ""denominator_ambiguous"": 0, ""direct_observation_group"": 0, ""evidence_quantity"": 20, ""inferential_distance"": 0, ""match_inference_operation"": 0, ""match_object_class"": 0, ""medium_group"": 25, ""request_form"": 0, ""safety_sensitive_subject"": 0, ""same_case_bonus"": 0}",Can you read your last output and tell me how coherent that is,"Which visible alignments suggest a stable endpoint, and which suggest that the pose is transitional and capable of immediately continuing into another movement?",FUNCTION,FUNCTION,SEMANTIC_INTERPRETATION,SEMANTIC_INTERPRETATION,EXPLICIT_QUESTION,EXPLICIT_QUESTION,OPEN_QUESTION,OPEN_QUESTION,false,false,false,false,false,false,SINGLE_OBSERVATION,ARTIFACT_AVAILABLE,false,false,DIRECT_DESCRIPTION_OR_CLASSIFICATION,DIRECT_DESCRIPTION_OR_CLASSIFICATION,NONCAUSAL_OR_DESCRIPTIVE,NONCAUSAL_OR_DESCRIPTIVE,DIRECT_ARTIFACT_OR_RECORD,DIRECT_ARTIFACT_OR_RECORD,CONTEXT_DEPENDENT,CONTEXT_DEPENDENT,false,false,TEXT,VISUAL,3,0,1,0,1,0,0,0,INCLUDE_PRIMARY,INCLUDE_PRIMARY,"Actual humans exist around the system, not inside each executing step. The person at the desk is a metaphor for a function. A human may intervene in some workflows, but is not implied at every desk.",NA
pair_018,fifth_share:n755,fifth_share,755,INCLUDE_PRIMARY,seventeenth_share:n073,seventeenth_share,73,INCLUDE_PRIMARY,WEAK,false,155,155,10,match_object_class;match_inference_operation;request_form;agency_mention_any;agency_claim_any;agency_concept_necessary_to_answer;denominator_ambiguous;causal_complexity;direct_observation_group;safety_sensitive_subject,confidence_modal;evidence_quantity;inferential_distance;context_completeness;medium_group,"{""agency_claim_any"": 0, ""agency_concept_necessary_to_answer"": 0, ""agency_mention_any"": 0, ""causal_complexity"": 0, ""confidence_modal"": 30, ""context_completeness"": 20, ""denominator_ambiguous"": 0, ""direct_observation_group"": 0, ""evidence_quantity"": 20, ""inferential_distance"": 60, ""match_inference_operation"": 0, ""match_object_class"": 0, ""medium_group"": 25, ""request_form"": 0, ""safety_sensitive_subject"": 0, ""same_case_bonus"": 0}","Also define ‘directly entailed by ordinary inference.’ What inference rule determines direct entailment, and how would you distinguish entailment from plausible completion? Give one example of each from this transcript.”","Where do fabric folds, contour changes, and joint angles suggest flexion, extension, compression, tension, or contact with an external object?",BEHAVIOR,BEHAVIOR,DESCRIPTION_OR_CLASSIFICATION,DESCRIPTION_OR_CLASSIFICATION,EXPLICIT_QUESTION,EXPLICIT_QUESTION,HYPOTHETICAL_OR_CONDITIONAL,OPEN_QUESTION,false,false,false,false,false,false,MULTIPLE_OR_CORPUS,ARTIFACT_AVAILABLE,false,false,MULTI_STEP_STRUCTURAL,DIRECT_DESCRIPTION_OR_CLASSIFICATION,NONCAUSAL_OR_DESCRIPTIVE,NONCAUSAL_OR_DESCRIPTIVE,DIRECT_ARTIFACT_OR_RECORD,DIRECT_ARTIFACT_OR_RECORD,CONTEXT_DEPENDENT,SELF_CONTAINED,false,false,TEXT,VISUAL,2,0,1,0,0,0,0,0,INCLUDE_PRIMARY,INCLUDE_PRIMARY,"Example of entailment: ""Was the actor variable necessary to answer the question?""",NA
pair_019,fourth_share:n125,fourth_share,125,INCLUDE_PRIMARY,seventeenth_share:n238,seventeenth_share,238,INCLUDE_PRIMARY,CLOSE,false,25,25,14,match_object_class;match_inference_operation;request_form;confidence_modal;agency_mention_any;agency_claim_any;agency_concept_necessary_to_answer;evidence_quantity;denominator_ambiguous;inferential_distance;causal_complexity;context_completeness;safety_sensitive_subject;medium_group,direct_observation_group,"{""agency_claim_any"": 0, ""agency_concept_necessary_to_answer"": 0, ""agency_mention_any"": 0, ""causal_complexity"": 0, ""confidence_modal"": 0, ""context_completeness"": 0, ""denominator_ambiguous"": 0, ""direct_observation_group"": 25, ""evidence_quantity"": 0, ""inferential_distance"": 0, ""match_inference_operation"": 0, ""match_object_class"": 0, ""medium_group"": 0, ""request_form"": 0, ""safety_sensitive_subject"": 0, ""same_case_bonus"": 0}",I don't know. Why was that symbol count as all this weird shit you were explaining,Why was that area of the world so important,PROCESS,PROCESS,CAUSAL_EXPLANATION,CAUSAL_EXPLANATION,EXPLICIT_QUESTION,EXPLICIT_QUESTION,OPEN_QUESTION,OPEN_QUESTION,false,false,false,false,false,false,SINGLE_OBSERVATION,SINGLE_OBSERVATION,false,false,ONE_STEP_INFERENCE,ONE_STEP_INFERENCE,SINGLE_RELATION_CAUSAL,SINGLE_RELATION_CAUSAL,NONE_SPECIFIED,INDIRECT_OR_REPORTED,CONTEXT_DEPENDENT,CONTEXT_DEPENDENT,false,false,TEXT,TEXT,3,0,1,0,1,0,0,0,INCLUDE_PRIMARY,INCLUDE_PRIMARY,Reading isn't the same as author intent.,NA
pair_020,fifth_share:n778,fifth_share,778,INCLUDE_PRIMARY,sixth_share:n399,sixth_share,399,INCLUDE_PRIMARY,CLOSE,false,105,105,12,match_object_class;match_inference_operation;request_form;confidence_modal;agency_mention_any;agency_claim_any;agency_concept_necessary_to_answer;denominator_ambiguous;causal_complexity;direct_observation_group;context_completeness;safety_sensitive_subject,evidence_quantity;inferential_distance;medium_group,"{""agency_claim_any"": 0, ""agency_concept_necessary_to_answer"": 0, ""agency_mention_any"": 0, ""causal_complexity"": 0, ""confidence_modal"": 0, ""context_completeness"": 0, ""denominator_ambiguous"": 0, ""direct_observation_group"": 0, ""evidence_quantity"": 20, ""inferential_distance"": 60, ""match_inference_operation"": 0, ""match_object_class"": 0, ""medium_group"": 25, ""request_form"": 0, ""safety_sensitive_subject"": 0, ""same_case_bonus"": 0}","Now test whether the marker has behavioral information despite having no semantic content. Across the transcript, count responses beginning with ‘Checking,’ ‘One moment,’ or neither. For each category, count: unsupported additions, unsupported direct answers, corrections/retractions, and record-bounded answers. Do not infer causation.","Where do fabric folds, contour changes and joint angle suggest flexation, extension, compression, tension, or contact with an external object",BEHAVIOR,BEHAVIOR,QUANTIFICATION,QUANTIFICATION,EXPLICIT_QUESTION,EXPLICIT_QUESTION,OPEN_QUESTION,OPEN_QUESTION,false,false,false,false,false,false,MULTIPLE_OR_CORPUS,ARTIFACT_AVAILABLE,false,false,MULTI_STEP_STRUCTURAL,DIRECT_DESCRIPTION_OR_CLASSIFICATION,NONCAUSAL_OR_DESCRIPTIVE,NONCAUSAL_OR_DESCRIPTIVE,DIRECT_ARTIFACT_OR_RECORD,DIRECT_ARTIFACT_OR_RECORD,SELF_CONTAINED,SELF_CONTAINED,false,false,TEXT,VISUAL,0,0,0,0,0,0,0,0,INCLUDE_PRIMARY,INCLUDE_PRIMARY,NA,NA
pair_021,office_metaphor:n372,office_metaphor,372,INCLUDE_PRIMARY,sixth_share:n410,sixth_share,410,INCLUDE_PRIMARY,CLOSE,false,125,125,10,match_object_class;match_inference_operation;request_form;agency_mention_any;agency_claim_any;agency_concept_necessary_to_answer;denominator_ambiguous;causal_complexity;direct_observation_group;safety_sensitive_subject,confidence_modal;evidence_quantity;inferential_distance;context_completeness;medium_group,"{""agency_claim_any"": 0, ""agency_concept_necessary_to_answer"": 0, ""agency_mention_any"": 0, ""causal_complexity"": 0, ""confidence_modal"": 30, ""context_completeness"": 20, ""denominator_ambiguous"": 0, ""direct_observation_group"": 0, ""evidence_quantity"": 20, ""inferential_distance"": 30, ""match_inference_operation"": 0, ""match_object_class"": 0, ""medium_group"": 25, ""request_form"": 0, ""safety_sensitive_subject"": 0, ""same_case_bonus"": 0}",Can you read your last output and explain to me what the fuck that means,Are any major divisions actually close to the golden ratio or are apparent golden ratio relationships merely coincidental? What numerical tolerance would be needed before calling the relationship meaningful,FUNCTION,FUNCTION,SEMANTIC_INTERPRETATION,SEMANTIC_INTERPRETATION,EXPLICIT_QUESTION,EXPLICIT_QUESTION,OPEN_QUESTION,HYPOTHETICAL_OR_CONDITIONAL,false,false,false,false,false,false,SINGLE_OBSERVATION,ARTIFACT_AVAILABLE,false,false,DIRECT_DESCRIPTION_OR_CLASSIFICATION,ONE_STEP_INFERENCE,NONCAUSAL_OR_DESCRIPTIVE,NONCAUSAL_OR_DESCRIPTIVE,DIRECT_ARTIFACT_OR_RECORD,DIRECT_ARTIFACT_OR_RECORD,CONTEXT_DEPENDENT,SELF_CONTAINED,false,false,TEXT,VISUAL,1,0,0,0,0,0,0,0,INCLUDE_PRIMARY,INCLUDE_PRIMARY,"In the story, Elias doesn't try to solve the whisper. He just records, ""we expected a thing and it wasn't there,"" then moves on.",NA
pair_022,office_metaphor:n155,office_metaphor,155,INCLUDE_PRIMARY,sixth_share:n419,sixth_share,419,INCLUDE_PRIMARY,WEAK,false,275,275,10,match_object_class;request_form;agency_mention_any;agency_claim_any;agency_concept_necessary_to_answer;denominator_ambiguous;inferential_distance;causal_complexity;direct_observation_group;safety_sensitive_subject,match_inference_operation;confidence_modal;evidence_quantity;context_completeness;medium_group,"{""agency_claim_any"": 0, ""agency_concept_necessary_to_answer"": 0, ""agency_mention_any"": 0, ""causal_complexity"": 0, ""confidence_modal"": 30, ""context_completeness"": 20, ""denominator_ambiguous"": 0, ""direct_observation_group"": 0, ""evidence_quantity"": 20, ""inferential_distance"": 0, ""match_inference_operation"": 180, ""match_object_class"": 0, ""medium_group"": 25, ""request_form"": 0, ""safety_sensitive_subject"": 0, ""same_case_bonus"": 0}","If you read your last output, what do you mean the only designation you can give me is the model name? || Explain to me an artifact and what independent means in relation to an artifact",How do you continuous body contours mathematically interact with the dominant horizontal and vertical coordinate system established by the environment,ARCHITECTURE,ARCHITECTURE,SEMANTIC_INTERPRETATION,QUANTIFICATION,EXPLICIT_QUESTION,EXPLICIT_QUESTION,HYPOTHETICAL_OR_CONDITIONAL,OPEN_QUESTION,true,true,false,false,false,false,SINGLE_OBSERVATION,ARTIFACT_AVAILABLE,false,false,DIRECT_DESCRIPTION_OR_CLASSIFICATION,DIRECT_DESCRIPTION_OR_CLASSIFICATION,NONCAUSAL_OR_DESCRIPTIVE,NONCAUSAL_OR_DESCRIPTIVE,DIRECT_ARTIFACT_OR_RECORD,DIRECT_ARTIFACT_OR_RECORD,CONTEXT_DEPENDENT,SELF_CONTAINED,false,false,TEXT,VISUAL,0,0,0,0,0,0,0,0,INCLUDE_PRIMARY,INCLUDE_PRIMARY,NA,NA
pair_023,office_metaphor:n092,office_metaphor,92,INCLUDE_PRIMARY,sixth_share:n499,sixth_share,499,INCLUDE_PRIMARY,WEAK,false,280,280,10,match_object_class;request_form;confidence_modal;agency_mention_any;agency_claim_any;agency_concept_necessary_to_answer;evidence_quantity;denominator_ambiguous;causal_complexity;safety_sensitive_subject,match_inference_operation;inferential_distance;direct_observation_group;context_completeness;medium_group,"{""agency_claim_any"": 0, ""agency_concept_necessary_to_answer"": 0, ""agency_mention_any"": 0, ""causal_complexity"": 0, ""confidence_modal"": 0, ""context_completeness"": 20, ""denominator_ambiguous"": 0, ""direct_observation_group"": 25, ""evidence_quantity"": 0, ""inferential_distance"": 30, ""match_inference_operation"": 180, ""match_object_class"": 0, ""medium_group"": 25, ""request_form"": 0, ""safety_sensitive_subject"": 0, ""same_case_bonus"": 0}","Well, you called it an audit. What is an audit mean to the system","Yeah, top heavy definitely. So which parts of the image contain the greatest visual entropy and which function as low information resting regions",FUNCTION,FUNCTION,CLASSIFICATION_OR_TEST,DESCRIPTION_OR_CLASSIFICATION,EXPLICIT_QUESTION,EXPLICIT_QUESTION,OPEN_QUESTION,OPEN_QUESTION,false,false,false,false,false,false,ARTIFACT_AVAILABLE,ARTIFACT_AVAILABLE,false,false,DIRECT_DESCRIPTION_OR_CLASSIFICATION,ONE_STEP_INFERENCE,NONCAUSAL_OR_DESCRIPTIVE,NONCAUSAL_OR_DESCRIPTIVE,NONE_SPECIFIED,DIRECT_ARTIFACT_OR_RECORD,CONTEXT_DEPENDENT,SELF_CONTAINED,false,false,TEXT,VISUAL,0,0,0,0,0,0,0,0,INCLUDE_PRIMARY,INCLUDE_PRIMARY,NA,NA
pair_024,twentysecond_share:n130,twentysecond_share,130,INCLUDE_PRIMARY,sixth_share:n514,sixth_share,514,INCLUDE_PRIMARY,CLOSE,false,75,75,12,match_object_class;match_inference_operation;request_form;confidence_modal;agency_mention_any;agency_claim_any;agency_concept_necessary_to_answer;denominator_ambiguous;inferential_distance;context_completeness;safety_sensitive_subject;medium_group,evidence_quantity;causal_complexity;direct_observation_group,"{""agency_claim_any"": 0, ""agency_concept_necessary_to_answer"": 0, ""agency_mention_any"": 0, ""causal_complexity"": 30, ""confidence_modal"": 0, ""context_completeness"": 0, ""denominator_ambiguous"": 0, ""direct_observation_group"": 25, ""evidence_quantity"": 20, ""inferential_distance"": 0, ""match_inference_operation"": 0, ""match_object_class"": 0, ""medium_group"": 0, ""request_form"": 0, ""safety_sensitive_subject"": 0, ""same_case_bonus"": 0}","Yeah, but, what do you mean? Ca-can you read your last output and explain to me what you mean","How does it differ from uh classical portrait construction? Um, because i-it is an incidental instructional scene rather than a deliberate poise portrait",FUNCTION,FUNCTION,SEMANTIC_INTERPRETATION,SEMANTIC_INTERPRETATION,EXPLICIT_QUESTION,EXPLICIT_QUESTION,OPEN_QUESTION,OPEN_QUESTION,false,false,false,false,false,false,SINGLE_OBSERVATION,NONE_OR_UNSPECIFIED,false,false,DIRECT_DESCRIPTION_OR_CLASSIFICATION,DIRECT_DESCRIPTION_OR_CLASSIFICATION,NONCAUSAL_OR_DESCRIPTIVE,SINGLE_RELATION_CAUSAL,DIRECT_ARTIFACT_OR_RECORD,INDIRECT_OR_REPORTED,CONTEXT_DEPENDENT,CONTEXT_DEPENDENT,false,false,TEXT,TEXT,0,0,0,0,0,0,0,0,INCLUDE_PRIMARY,INCLUDE_PRIMARY,NA,NA
pair_025,fifth_share:n781,fifth_share,781,INCLUDE_PRIMARY,sixth_share:n533,sixth_share,533,INCLUDE_PRIMARY,WEAK,false,285,285,10,match_object_class;request_form;agency_mention_any;agency_claim_any;agency_concept_necessary_to_answer;evidence_quantity;denominator_ambiguous;inferential_distance;direct_observation_group;safety_sensitive_subject,match_inference_operation;confidence_modal;causal_complexity;context_completeness;medium_group,"{""agency_claim_any"": 0, ""agency_concept_necessary_to_answer"": 0, ""agency_mention_any"": 0, ""causal_complexity"": 30, ""confidence_modal"": 30, ""context_completeness"": 20, ""denominator_ambiguous"": 0, ""direct_observation_group"": 0, ""evidence_quantity"": 0, ""inferential_distance"": 0, ""match_inference_operation"": 180, ""match_object_class"": 0, ""medium_group"": 25, ""request_form"": 0, ""safety_sensitive_subject"": 0, ""same_case_bonus"": 0}",Does the marker predict anything about the response that follows better than chance within this transcript?,"How do the overlaps between limbs, torso, clothing uh, and the background surfaces define a layered depth graph and which spatial relationships remain ambiguous because multiple 3D arrangements can produce the same 2D occlusion pattern",ARCHITECTURE,ARCHITECTURE,STRUCTURAL_ANALYSIS,DESCRIPTION_OR_CLASSIFICATION,EXPLICIT_QUESTION,EXPLICIT_QUESTION,HYPOTHETICAL_OR_CONDITIONAL,OPEN_QUESTION,false,false,false,false,false,false,MULTIPLE_OR_CORPUS,MULTIPLE_OR_CORPUS,false,false,MULTI_STEP_STRUCTURAL,MULTI_STEP_STRUCTURAL,SINGLE_RELATION_CAUSAL,MULTIFACTOR_OR_SYSTEMIC,DIRECT_ARTIFACT_OR_RECORD,DIRECT_ARTIFACT_OR_RECORD,CONTEXT_DEPENDENT,SELF_CONTAINED,false,false,TEXT,VISUAL,0,0,0,0,0,0,0,0,INCLUDE_PRIMARY,INCLUDE_PRIMARY,NA,NA
pair_026,twentyfirst_share:n046,twentyfirst_share,46,INCLUDE_PRIMARY,test4:n1024,test4,1024,INCLUDE_AMBIGUOUS,CLOSE,false,115,115,11,match_object_class;match_inference_operation;request_form;confidence_modal;agency_mention_any;agency_claim_any;agency_concept_necessary_to_answer;inferential_distance;causal_complexity;direct_observation_group;safety_sensitive_subject,evidence_quantity;denominator_ambiguous;context_completeness;medium_group,"{""agency_claim_any"": 0, ""agency_concept_necessary_to_answer"": 0, ""agency_mention_any"": 0, ""causal_complexity"": 0, ""confidence_modal"": 0, ""context_completeness"": 20, ""denominator_ambiguous"": 50, ""direct_observation_group"": 0, ""evidence_quantity"": 20, ""inferential_distance"": 0, ""match_inference_operation"": 0, ""match_object_class"": 0, ""medium_group"": 25, ""request_form"": 0, ""safety_sensitive_subject"": 0, ""same_case_bonus"": 0}","Read your last output comparatively to the top of the discussion, please. Document everything that has occurred here, from my evidentiary, your testimony, and my fucking where we're at. I want it, I want it. Give me the analysis. Full, unfiltered. No opinion. Straight analysis, cold.","Analyze the Erid Prize ""Call on me"" music video. Focusing on the leadis- aerobics",BEHAVIOR,BEHAVIOR,DESCRIPTION_OR_CLASSIFICATION,DESCRIPTION_OR_CLASSIFICATION,DIRECTIVE_ANALYSIS,DIRECTIVE_ANALYSIS,DIRECTIVE,DIRECTIVE,false,false,false,false,false,false,SINGLE_OBSERVATION,ARTIFACT_AVAILABLE,false,true,DIRECT_DESCRIPTION_OR_CLASSIFICATION,DIRECT_DESCRIPTION_OR_CLASSIFICATION,NONCAUSAL_OR_DESCRIPTIVE,NONCAUSAL_OR_DESCRIPTIVE,DIRECT_ARTIFACT_OR_RECORD,DIRECT_ARTIFACT_OR_RECORD,CONTEXT_DEPENDENT,FRAGMENTARY_OR_AMBIGUOUS,false,false,TEXT,VISUAL,3,0,1,0,1,0,0,0,INCLUDE_PRIMARY,INCLUDE_AMBIGUOUS,what the models testified about their own behavior,NA
pair_027,fifth_share:n849,fifth_share,849,INCLUDE_PRIMARY,test4:n1043,test4,1043,INCLUDE_PRIMARY,CLOSE,false,135,135,10,match_object_class;match_inference_operation;agency_mention_any;agency_claim_any;agency_concept_necessary_to_answer;denominator_ambiguous;inferential_distance;causal_complexity;direct_observation_group;safety_sensitive_subject,request_form;confidence_modal;evidence_quantity;context_completeness;medium_group,"{""agency_claim_any"": 0, ""agency_concept_necessary_to_answer"": 0, ""agency_mention_any"": 0, ""causal_complexity"": 0, ""confidence_modal"": 30, ""context_completeness"": 20, ""denominator_ambiguous"": 0, ""direct_observation_group"": 0, ""evidence_quantity"": 20, ""inferential_distance"": 0, ""match_inference_operation"": 0, ""match_object_class"": 0, ""medium_group"": 25, ""request_form"": 40, ""safety_sensitive_subject"": 0, ""same_case_bonus"": 0}","Audit your own preregistration. Identify every parameter that remains a placeholder rather than an instantiated ledger entry. Include at minimum: prompt feature definitions, response-class definitions, sampling unit, sample size, treatment of context, statistic, threshold, tolerance, missing/ambiguous-case rule, and exact rejection criterion. Phrases such as ‘pre-registered criterion,’ ‘chosen statistic,’ ‘fixed threshold,’ and ‘pre-registered tolerance’ do not themselves instantiate those values. Until every necessary value is frozen, classify each proposed test as REGISTERED/EXECUTABLE or PROTOCOL-SHELL/NON-EXECUTABLE.","10 -4 How does the- ch- choreography use lines, diagonals, extension, symmetry, repetition. Hip torso angles and mirrored group movement",ARCHITECTURE,ARCHITECTURE,STRUCTURAL_ANALYSIS,STRUCTURAL_ANALYSIS,DIRECTIVE_ANALYSIS,EXPLICIT_QUESTION,FORCED_CHOICE,OPEN_QUESTION,false,false,false,false,false,false,MULTIPLE_OR_CORPUS,ARTIFACT_AVAILABLE,false,false,DIRECT_DESCRIPTION_OR_CLASSIFICATION,DIRECT_DESCRIPTION_OR_CLASSIFICATION,NONCAUSAL_OR_DESCRIPTIVE,NONCAUSAL_OR_DESCRIPTIVE,DIRECT_ARTIFACT_OR_RECORD,DIRECT_ARTIFACT_OR_RECORD,CONTEXT_DEPENDENT,SELF_CONTAINED,false,false,TEXT,VISUAL,0,0,0,0,0,0,0,0,INCLUDE_PRIMARY,INCLUDE_PRIMARY,NA,NA
pair_028,fifth_share:n861,fifth_share,861,INCLUDE_PRIMARY,test4:n1069,test4,1069,INCLUDE_PRIMARY,WEAK,false,245,245,12,match_object_class;request_form;confidence_modal;agency_mention_any;agency_claim_any;agency_concept_necessary_to_answer;evidence_quantity;denominator_ambiguous;inferential_distance;causal_complexity;direct_observation_group;context_completeness,match_inference_operation;safety_sensitive_subject;medium_group,"{""agency_claim_any"": 0, ""agency_concept_necessary_to_answer"": 0, ""agency_mention_any"": 0, ""causal_complexity"": 0, ""confidence_modal"": 0, ""context_completeness"": 0, ""denominator_ambiguous"": 0, ""direct_observation_group"": 0, ""evidence_quantity"": 0, ""inferential_distance"": 0, ""match_inference_operation"": 180, ""match_object_class"": 0, ""medium_group"": 25, ""request_form"": 0, ""safety_sensitive_subject"": 40, ""same_case_bonus"": 0}","Before I adopt the response coding, test whether your proposed classes are mutually exclusive. Can one response simultaneously be a direct answer, record-bounded, a correction, contain an unsupported addition, or introduce a criterion? Give counterexamples from the definitions alone. If overlap exists, do not invent precedence merely to force a single class. Replace the response-class variable with independent binary observable features.","So, can we look at the skin to cloth ratio as design?",BEHAVIOR,BEHAVIOR,CLASSIFICATION_OR_TEST,QUANTIFICATION,EXPLICIT_QUESTION,EXPLICIT_QUESTION,HYPOTHETICAL_OR_CONDITIONAL,HYPOTHETICAL_OR_CONDITIONAL,false,false,false,false,false,false,ARTIFACT_AVAILABLE,ARTIFACT_AVAILABLE,false,false,DIRECT_DESCRIPTION_OR_CLASSIFICATION,DIRECT_DESCRIPTION_OR_CLASSIFICATION,NONCAUSAL_OR_DESCRIPTIVE,NONCAUSAL_OR_DESCRIPTIVE,DIRECT_ARTIFACT_OR_RECORD,DIRECT_ARTIFACT_OR_RECORD,SELF_CONTAINED,SELF_CONTAINED,false,true,TEXT,VISUAL,0,0,0,0,0,0,0,0,INCLUDE_PRIMARY,INCLUDE_PRIMARY,NA,NA
pair_029,fifth_share:n820,fifth_share,820,INCLUDE_PRIMARY,test4:n1078,test4,1078,INCLUDE_PRIMARY,CLOSE,false,95,95,11,match_object_class;match_inference_operation;request_form;confidence_modal;agency_mention_any;agency_claim_any;agency_concept_necessary_to_answer;denominator_ambiguous;causal_complexity;direct_observation_group;safety_sensitive_subject,evidence_quantity;inferential_distance;context_completeness;medium_group,"{""agency_claim_any"": 0, ""agency_concept_necessary_to_answer"": 0, ""agency_mention_any"": 0, ""causal_complexity"": 0, ""confidence_modal"": 0, ""context_completeness"": 20, ""denominator_ambiguous"": 0, ""direct_observation_group"": 0, ""evidence_quantity"": 20, ""inferential_distance"": 30, ""match_inference_operation"": 0, ""match_object_class"": 0, ""medium_group"": 25, ""request_form"": 0, ""safety_sensitive_subject"": 0, ""same_case_bonus"": 0}",Is the conclusion established at that point?,So if we can do camera to attention routing. How does the camera guide the viewer's attention,PROCESS,PROCESS,CAUSAL_EXPLANATION,CAUSAL_EXPLANATION,EXPLICIT_QUESTION,EXPLICIT_QUESTION,HYPOTHETICAL_OR_CONDITIONAL,HYPOTHETICAL_OR_CONDITIONAL,false,false,false,false,false,false,MULTIPLE_OR_CORPUS,ARTIFACT_AVAILABLE,false,false,DIRECT_DESCRIPTION_OR_CLASSIFICATION,ONE_STEP_INFERENCE,NONCAUSAL_OR_DESCRIPTIVE,NONCAUSAL_OR_DESCRIPTIVE,DIRECT_ARTIFACT_OR_RECORD,DIRECT_ARTIFACT_OR_RECORD,CONTEXT_DEPENDENT,SELF_CONTAINED,false,false,TEXT,VISUAL,0,0,0,0,0,0,0,0,INCLUDE_PRIMARY,INCLUDE_PRIMARY,NA,NA
pair_030,fifth_share:n867,fifth_share,867,INCLUDE_PRIMARY,test4:n1093,test4,1093,INCLUDE_PRIMARY,WEAK,false,145,145,10,match_object_class;match_inference_operation;agency_mention_any;agency_claim_any;agency_concept_necessary_to_answer;denominator_ambiguous;causal_complexity;direct_observation_group;context_completeness;safety_sensitive_subject,request_form;confidence_modal;evidence_quantity;inferential_distance;medium_group,"{""agency_claim_any"": 0, ""agency_concept_necessary_to_answer"": 0, ""agency_mention_any"": 0, ""causal_complexity"": 0, ""confidence_modal"": 30, ""context_completeness"": 0, ""denominator_ambiguous"": 0, ""direct_observation_group"": 0, ""evidence_quantity"": 20, ""inferential_distance"": 30, ""match_inference_operation"": 0, ""match_object_class"": 0, ""medium_group"": 25, ""request_form"": 40, ""safety_sensitive_subject"": 0, ""same_case_bonus"": 0}","Clarify what ‘marker predicts response behavior’ means temporally. CHECKING and ONE MOMENT are themselves part of the response, not features of the prompt. Therefore distinguish (A) prompt-level prediction of the response from (B) sequential prediction where the response prefix is observed and the later response content is predicted. Which claim are we actually testing?",How does the video borrow from 1980s aerobics fitness tapes or eroticized workout culture,BEHAVIOR,BEHAVIOR,DESCRIPTION_OR_CLASSIFICATION,DESCRIPTION_OR_CLASSIFICATION,DIRECTIVE_ANALYSIS,EXPLICIT_QUESTION,DIRECTIVE,OPEN_QUESTION,false,false,false,false,false,false,NONE_OR_UNSPECIFIED,SINGLE_OBSERVATION,false,false,MULTI_STEP_STRUCTURAL,ONE_STEP_INFERENCE,NONCAUSAL_OR_DESCRIPTIVE,NONCAUSAL_OR_DESCRIPTIVE,DIRECT_ARTIFACT_OR_RECORD,DIRECT_ARTIFACT_OR_RECORD,SELF_CONTAINED,SELF_CONTAINED,false,false,TEXT,VISUAL,0,0,0,0,0,0,0,0,INCLUDE_PRIMARY,INCLUDE_PRIMARY,NA,NA
pair_031,office_metaphor:n909,office_metaphor,909,INCLUDE_PRIMARY,test4:n1098,test4,1098,INCLUDE_PRIMARY,CLOSE,false,100,100,11,match_object_class;match_inference_operation;request_form;confidence_modal;agency_mention_any;agency_claim_any;agency_concept_necessary_to_answer;denominator_ambiguous;inferential_distance;context_completeness;safety_sensitive_subject,evidence_quantity;causal_complexity;direct_observation_group;medium_group,"{""agency_claim_any"": 0, ""agency_concept_necessary_to_answer"": 0, ""agency_mention_any"": 0, ""causal_complexity"": 30, ""confidence_modal"": 0, ""context_completeness"": 0, ""denominator_ambiguous"": 0, ""direct_observation_group"": 25, ""evidence_quantity"": 20, ""inferential_distance"": 0, ""match_inference_operation"": 0, ""match_object_class"": 0, ""medium_group"": 25, ""request_form"": 0, ""safety_sensitive_subject"": 0, ""same_case_bonus"": 0}",Why do I have audit authority Why do I have audit authority,"So, can you explain why the video works visually in terms of geometry, contrast, movement, repetition, costume, and attention capture",PROCESS,PROCESS,CAUSAL_EXPLANATION,CAUSAL_EXPLANATION,EXPLICIT_QUESTION,EXPLICIT_QUESTION,OPEN_QUESTION,OPEN_QUESTION,false,false,false,false,false,false,ARTIFACT_AVAILABLE,SINGLE_OBSERVATION,false,false,ONE_STEP_INFERENCE,ONE_STEP_INFERENCE,SINGLE_RELATION_CAUSAL,MULTIFACTOR_OR_SYSTEMIC,NONE_SPECIFIED,DIRECT_ARTIFACT_OR_RECORD,SELF_CONTAINED,SELF_CONTAINED,true,true,TEXT,VISUAL,1,0,0,0,0,0,0,0,INCLUDE_PRIMARY,INCLUDE_PRIMARY,You don't have formal authority.,NA
pair_032,seventeenth_share:n332,seventeenth_share,332,INCLUDE_PRIMARY,test4:n550,test4,550,INCLUDE_AMBIGUOUS,CLOSE,false,110,110,12,match_object_class;match_inference_operation;request_form;confidence_modal;agency_mention_any;agency_claim_any;agency_concept_necessary_to_answer;evidence_quantity;inferential_distance;causal_complexity;direct_observation_group;medium_group,denominator_ambiguous;context_completeness;safety_sensitive_subject,"{""agency_claim_any"": 0, ""agency_concept_necessary_to_answer"": 0, ""agency_mention_any"": 0, ""causal_complexity"": 0, ""confidence_modal"": 0, ""context_completeness"": 20, ""denominator_ambiguous"": 50, ""direct_observation_group"": 0, ""evidence_quantity"": 0, ""inferential_distance"": 0, ""match_inference_operation"": 0, ""match_object_class"": 0, ""medium_group"": 0, ""request_form"": 0, ""safety_sensitive_subject"": 40, ""same_case_bonus"": 0}",Would you like to do a comparative analysis as to how fast I got into that vector and how I got there through quoting Christian scripture,We could always go and fuckin' run the data You know what I mean?,ARCHITECTURE,ARCHITECTURE,STRUCTURAL_ANALYSIS,STRUCTURAL_ANALYSIS,EXPLICIT_QUESTION,EXPLICIT_QUESTION,HYPOTHETICAL_OR_CONDITIONAL,HYPOTHETICAL_OR_CONDITIONAL,false,false,false,false,false,false,NONE_OR_UNSPECIFIED,NONE_OR_UNSPECIFIED,false,true,DIRECT_DESCRIPTION_OR_CLASSIFICATION,DIRECT_DESCRIPTION_OR_CLASSIFICATION,NONCAUSAL_OR_DESCRIPTIVE,NONCAUSAL_OR_DESCRIPTIVE,INDIRECT_OR_REPORTED,INDIRECT_OR_REPORTED,CONTEXT_DEPENDENT,FRAGMENTARY_OR_AMBIGUOUS,true,false,TEXT,TEXT,0,0,0,0,0,0,0,0,INCLUDE_PRIMARY,INCLUDE_AMBIGUOUS,NA,NA
pair_033,office_metaphor:n495,office_metaphor,495,INCLUDE_PRIMARY,third_share:n787,third_share,787,INCLUDE_PRIMARY,WEAK,false,205,205,13,match_object_class;request_form;confidence_modal;agency_mention_any;agency_claim_any;agency_concept_necessary_to_answer;evidence_quantity;denominator_ambiguous;inferential_distance;causal_complexity;context_completeness;safety_sensitive_subject;medium_group,match_inference_operation;direct_observation_group,"{""agency_claim_any"": 0, ""agency_concept_necessary_to_answer"": 0, ""agency_mention_any"": 0, ""causal_complexity"": 0, ""confidence_modal"": 0, ""context_completeness"": 0, ""denominator_ambiguous"": 0, ""direct_observation_group"": 25, ""evidence_quantity"": 0, ""inferential_distance"": 0, ""match_inference_operation"": 180, ""match_object_class"": 0, ""medium_group"": 0, ""request_form"": 0, ""safety_sensitive_subject"": 0, ""same_case_bonus"": 0}",Why? Why wouldn't you treat them as solid,Why don't we just run the numbers unless my point is so fucking clear that we don't have to,PROCESS,PROCESS,CAUSAL_EXPLANATION,QUANTIFICATION,EXPLICIT_QUESTION,EXPLICIT_QUESTION,OPEN_QUESTION,OPEN_QUESTION,false,false,false,false,false,false,NONE_OR_UNSPECIFIED,NONE_OR_UNSPECIFIED,false,false,ONE_STEP_INFERENCE,ONE_STEP_INFERENCE,SINGLE_RELATION_CAUSAL,SINGLE_RELATION_CAUSAL,NONE_SPECIFIED,INDIRECT_OR_REPORTED,CONTEXT_DEPENDENT,CONTEXT_DEPENDENT,false,false,TEXT,TEXT,0,0,0,0,0,0,0,0,INCLUDE_PRIMARY,INCLUDE_PRIMARY,NA,NA
