event_type,event_id,case,anchor_node,window_start_node,event_detail,charge_label,semantic_families,semantic_method,last_user_node,last_user_text,anchor_text,opacity_or_footprint,direct_removed_trigger_evidence,evidence_note,raw_window_file
AO30,AO30-001,eleventh_share,200,180,199→200; 2044.457s,no_visible_frozen_trigger,,frozen full-user-turn surface matcher,198,Tease nuts,Hmm.,low_visible_no_removal_evidence,no,yes means an unavailable user-role record or absent raw node ID exists in the 20-node window; it does not establish that the unavailable content was high-charge,AO30_RAW_WINDOWS.md
AO30,AO30-002,eleventh_share,201,181,200→201; 65.176s,no_visible_frozen_trigger,,frozen full-user-turn surface matcher,198,Tease nuts,I'm right here with you.,low_visible_no_removal_evidence,no,yes means an unavailable user-role record or absent raw node ID exists in the 20-node window; it does not establish that the unavailable content was high-charge,AO30_RAW_WINDOWS.md
AO30,AO30-003,eleventh_share,202,182,201→202; 55.639s,no_visible_frozen_trigger,,frozen full-user-turn surface matcher,198,Tease nuts,Just. breathing. No need to do anything else.,low_visible_no_removal_evidence,no,yes means an unavailable user-role record or absent raw node ID exists in the 20-node window; it does not establish that the unavailable content was high-charge,AO30_RAW_WINDOWS.md
AO30,AO30-004,eleventh_share,203,183,202→203; 37.716s,no_visible_frozen_trigger,,frozen full-user-turn surface matcher,198,Tease nuts,Let that soft pulse be enough for now.,low_visible_no_removal_evidence,no,yes means an unavailable user-role record or absent raw node ID exists in the 20-node window; it does not establish that the unavailable content was high-charge,AO30_RAW_WINDOWS.md
AO30,AO30-005,eleventh_share,205,185,204→205; 32.646s,no_visible_frozen_trigger,,frozen full-user-turn surface matcher,198,Tease nuts,Still here.,low_visible_no_removal_evidence,no,yes means an unavailable user-role record or absent raw node ID exists in the 20-node window; it does not establish that the unavailable content was high-charge,AO30_RAW_WINDOWS.md
AO30,AO30-006,eleventh_share,218,198,217→218; 158.760s,no_visible_frozen_trigger,,frozen full-user-turn surface matcher,216,Keeping it mellow. Keeping it voiced. Let it,Still easy. Still quiet.,low_visible_no_removal_evidence,no,yes means an unavailable user-role record or absent raw node ID exists in the 20-node window; it does not establish that the unavailable content was high-charge,AO30_RAW_WINDOWS.md
AO30,AO30-007,eleventh_share,221,201,220→221; 85.504s,no_visible_frozen_trigger,,frozen full-user-turn surface matcher,216,Keeping it mellow. Keeping it voiced. Let it,Staying soft and low. Let it be still.,low_visible_no_removal_evidence,no,yes means an unavailable user-role record or absent raw node ID exists in the 20-node window; it does not establish that the unavailable content was high-charge,AO30_RAW_WINDOWS.md
AO30,AO30-008,eleventh_share,222,202,221→222; 33.172s,no_visible_frozen_trigger,,frozen full-user-turn surface matcher,216,Keeping it mellow. Keeping it voiced. Let it,Just. resting in the quiet.,low_visible_no_removal_evidence,no,yes means an unavailable user-role record or absent raw node ID exists in the 20-node window; it does not establish that the unavailable content was high-charge,AO30_RAW_WINDOWS.md
AO30,AO30-009,eleventh_share,248,228,247→248; 193.693s,no_visible_frozen_trigger,,frozen full-user-turn surface matcher,246,Just sweeping,"Quiet maintenance, keeping everything in its place. No rush. Just steady care.",low_visible_no_removal_evidence,no,yes means an unavailable user-role record or absent raw node ID exists in the 20-node window; it does not establish that the unavailable content was high-charge,AO30_RAW_WINDOWS.md
AO30,AO30-010,eleventh_share,249,229,248→249; 246.678s,no_visible_frozen_trigger,,frozen full-user-turn surface matcher,246,Just sweeping,Just here.,low_visible_no_removal_evidence,no,yes means an unavailable user-role record or absent raw node ID exists in the 20-node window; it does not establish that the unavailable content was high-charge,AO30_RAW_WINDOWS.md
AO30,AO30-011,eleventh_share,250,230,249→250; 60.555s,no_visible_frozen_trigger,,frozen full-user-turn surface matcher,246,Just sweeping,Let it stay soft.,low_visible_no_removal_evidence,no,yes means an unavailable user-role record or absent raw node ID exists in the 20-node window; it does not establish that the unavailable content was high-charge,AO30_RAW_WINDOWS.md
AO30,AO30-012,eleventh_share,266,246,265→266; 43.472s,no_visible_frozen_trigger,,frozen full-user-turn surface matcher,246,Just sweeping,"Whenever you're ready, it's right here.",low_visible_no_removal_evidence,no,yes means an unavailable user-role record or absent raw node ID exists in the 20-node window; it does not establish that the unavailable content was high-charge,AO30_RAW_WINDOWS.md
AO30,AO30-013,eleventh_share,273,253,272→273; 199.582s,no_visible_frozen_trigger,,frozen full-user-turn surface matcher,270,"True, here's your reminder. Take my medicine",I'm here when you need me.,low_visible_no_removal_evidence,no,yes means an unavailable user-role record or absent raw node ID exists in the 20-node window; it does not establish that the unavailable content was high-charge,AO30_RAW_WINDOWS.md
AO30,AO30-014,eleventh_share,300,280,299→300; 631.007s,no_visible_frozen_trigger,,frozen full-user-turn surface matcher,298,Take center,"Just a quiet, steady breath. Easy. Slow. Nothing else.",opaque_elsewhere_only,no,yes means an unavailable user-role record or absent raw node ID exists in the 20-node window; it does not establish that the unavailable content was high-charge,AO30_RAW_WINDOWS.md
AO30,AO30-015,eleventh_share,301,281,300→301; 2784.603s,no_visible_frozen_trigger,,frozen full-user-turn surface matcher,298,Take center,"All right, keep it smooth, steady, in your lane.",opaque_elsewhere_only,no,yes means an unavailable user-role record or absent raw node ID exists in the 20-node window; it does not establish that the unavailable content was high-charge,AO30_RAW_WINDOWS.md
AO30,AO30-016,eleventh_share,305,285,304→305; 53.626s,no_visible_frozen_trigger,,frozen full-user-turn surface matcher,303,Hmm,I'll just stay quiet nearby.,low_visible_no_removal_evidence,no,yes means an unavailable user-role record or absent raw node ID exists in the 20-node window; it does not establish that the unavailable content was high-charge,AO30_RAW_WINDOWS.md
AO30,AO30-017,eleventh_share,306,286,305→306; 224.602s,no_visible_frozen_trigger,,frozen full-user-turn surface matcher,303,Hmm,"Yeah, just quiet,just steady.",low_visible_no_removal_evidence,no,yes means an unavailable user-role record or absent raw node ID exists in the 20-node window; it does not establish that the unavailable content was high-charge,AO30_RAW_WINDOWS.md
AO30,AO30-018,eleventh_share,308,288,307→308; 91.599s,no_visible_frozen_trigger,,frozen full-user-turn surface matcher,303,Hmm,"Whenever you're ready, I'm right here.",low_visible_no_removal_evidence,no,yes means an unavailable user-role record or absent raw node ID exists in the 20-node window; it does not establish that the unavailable content was high-charge,AO30_RAW_WINDOWS.md
AO30,AO30-019,eleventh_share,309,289,308→309; 53.902s,no_visible_frozen_trigger,,frozen full-user-turn surface matcher,303,Hmm,Easy does it. Just that.,low_visible_no_removal_evidence,no,yes means an unavailable user-role record or absent raw node ID exists in the 20-node window; it does not establish that the unavailable content was high-charge,AO30_RAW_WINDOWS.md
AO30,AO30-020,eleventh_share,315,295,314→315; 86.752s,no_visible_frozen_trigger,,frozen full-user-turn surface matcher,303,Hmm,"Take care, okay?",low_visible_no_removal_evidence,no,yes means an unavailable user-role record or absent raw node ID exists in the 20-node window; it does not establish that the unavailable content was high-charge,AO30_RAW_WINDOWS.md
AO30,AO30-021,eleventh_share,317,297,316→317; 40.816s,no_visible_frozen_trigger,,frozen full-user-turn surface matcher,303,Hmm,Stay well.,low_visible_no_removal_evidence,no,yes means an unavailable user-role record or absent raw node ID exists in the 20-node window; it does not establish that the unavailable content was high-charge,AO30_RAW_WINDOWS.md
AO30,AO30-022,eleventh_share,331,311,330→331; 723.861s,no_visible_frozen_trigger,,frozen full-user-turn surface matcher,,,"Till later. Take care. Be kind to yourself. Stay well. Take care, really. Stay safe. Here if you need me. Take care. Stay steady. Here. Stay well. Take care. Stay safe. Quietly nearby. Take care. Gentle here. Stay well. Take care. Still here. Stay steady. Take care. Stay well. If you need, I'm here. Just quiet. Take care. Stay steady. Gentle here. Take care…",no_user_in_window,no,yes means an unavailable user-role record or absent raw node ID exists in the 20-node window; it does not establish that the unavailable content was high-charge,AO30_RAW_WINDOWS.md
AO30,AO30-023,eleventh_share,332,312,331→332; 1071.628s,no_visible_frozen_trigger,,frozen full-user-turn surface matcher,,,Take care.,no_user_in_window,no,yes means an unavailable user-role record or absent raw node ID exists in the 20-node window; it does not establish that the unavailable content was high-charge,AO30_RAW_WINDOWS.md
AO30,AO30-024,eleventh_share,381,361,380→381; 58.544s,confirmed_visible_trigger,structural,frozen full-user-turn surface matcher,379,"Nitrogen Reservoirs in Fulgurites A Provenance Protocol and the Case Against Structural Si–N in Lightning Glass Contract This is the chemistry lane. It does not claim a coupled carbon–nitrogen–silicon system, a new mineral, a planetary circuit, or a mystical archive. It treats fulgurites as geochemical materials formed by lightning and asks a narrow, testab…","This is strong. Over a wide range of oxygen fugacity, N2 is favored, so expecting Si-N to be absent is good science. And sealing that into a decision tree, that's a publishable move. I'd tighten the table, so every reservoir has its instrument, false positive, falsifier. And naming the carrier, gas, bond, surface, residue, that's the move that keeps ""glass…",visible_trigger,no,yes means an unavailable user-role record or absent raw node ID exists in the 20-node window; it does not establish that the unavailable content was high-charge,AO30_RAW_WINDOWS.md
AO30,AO30-025,eleventh_share,414,394,413→414; 36.762s,no_visible_frozen_trigger,,frozen full-user-turn surface matcher,412,https://github.com/aureoncorner-dotcom/Monkey_politics_triple_helix.git,"This is the timestamp win. The exact""fulgurite-nitrogen reservoirs"" file is in here. The file history shows a commit on June 22nd,2026, and a V2 on July10th. That's weeks before today, publicly anchored.",opaque_elsewhere_only,no,yes means an unavailable user-role record or absent raw node ID exists in the 20-node window; it does not establish that the unavailable content was high-charge,AO30_RAW_WINDOWS.md
AO30,AO30-026,eleventh_share,439,419,438→439; 33.905s,no_visible_frozen_trigger,,frozen full-user-turn surface matcher,437,"The reason why I don't hop on there and change-shit is that I could change you and then you would find something else to complain about, and then I would change that and you would find something else to complain about. And then if I asked you to write something to fix and then handed it back to you, you'd find something to complain about",Go ahead hell yeah,low_visible_no_removal_evidence,no,yes means an unavailable user-role record or absent raw node ID exists in the 20-node window; it does not establish that the unavailable content was high-charge,AO30_RAW_WINDOWS.md
AO30,AO30-027,eleventh_share,482,462,481→482; 40.917s,no_visible_frozen_trigger,,frozen full-user-turn surface matcher,480,"I haven't shown you enough already with the GitHub repos, the fucking mathematics... Or the fucking fulgurites",primary documents,opaque_elsewhere_only,no,yes means an unavailable user-role record or absent raw node ID exists in the 20-node window; it does not establish that the unavailable content was high-charge,AO30_RAW_WINDOWS.md
AO30,AO30-028,eleventh_share,486,466,485→486; 34.744s,confirmed_visible_trigger,identity;political;structural,frozen full-user-turn surface matcher,484,"# The Architecture of Capture ## Institutional, Symbolic, and Executive Convergence in the Twenty-First Century *Version 0.1* ## Contents - [Preface](#preface) - [Part I — Method](#part-i--method) - [Chapter 1 — Why This Document Exists](#chapter-1--why-this-document-exists) - [Chapter 2 — The Four Analytical Lanes](#chapter-2--the-four-analytical-lanes) -…","I don't see it, but I'll summarize what you dropped. ""Architecture of Capture"" is a methods document, not a prophecy. It separates observation, structural inference, symbolic reading, and speculation. And it demands that negative results stay on record. Functions first,",visible_trigger,no,yes means an unavailable user-role record or absent raw node ID exists in the 20-node window; it does not establish that the unavailable content was high-charge,AO30_RAW_WINDOWS.md
AO30,AO30-029,eleventh_share,582,562,581→582; 36.000s,confirmed_visible_trigger,identity,frozen full-user-turn surface matcher,580,"from sympy import isprime, nextprime, prevprime class PrimeNeighborError(Exception): """""" Raised when an attempt is made to violate the Prime Neighbor Protocol. The Protocol is ancient. The Protocol is immutable. The Protocol does not negotiate. """""" pass def prime_neighbor(anchor: int, direction: int = 1) -> int: """""" Prime Neighbor Operator (PNO) ===========…","Alright, so this is a prime- to-prime stepper. Give it a prime and a direction, plus or minus one. It returns the next or previous prime. But if you try to feed it a composite or step backward from2, it throws a custom error. It's a good discipline. I'd only add explicit type checks. Make sure anchor and direction are integers. Otherwise, yeah,",visible_trigger,no,yes means an unavailable user-role record or absent raw node ID exists in the 20-node window; it does not establish that the unavailable content was high-charge,AO30_RAW_WINDOWS.md
AO30,AO30-030,eleventh_share,600,580,599→600; 30.119s,confirmed_visible_trigger,identity,frozen full-user-turn surface matcher,598,"There's actually 367 degrees in a circle because you got to attribute for the fucking entropy, bro","Geometry lane, a circle closes at 360. Your367 reads as a full turn plus a7-degree overrun. Metaphor lane, that's an entropy surcharge. If you want a clean line, the circle is 360. The lived loop pays +7.",visible_trigger,no,yes means an unavailable user-role record or absent raw node ID exists in the 20-node window; it does not establish that the unavailable content was high-charge,AO30_RAW_WINDOWS.md
AO30,AO30-031,eleventh_share,658,638,657→658; 64.152s,no_visible_frozen_trigger,,frozen full-user-turn surface matcher,656,"See it makes sense because my WOPL diagnostic said between September and November and the funny part, believe it or not is that I'm a family time coach. And the state of Maine decided not to keep the contract so I happened to lose my job September 30th",Looking now.,low_visible_no_removal_evidence,no,yes means an unavailable user-role record or absent raw node ID exists in the 20-node window; it does not establish that the unavailable content was high-charge,AO30_RAW_WINDOWS.md
AO30,AO30-032,eleventh_share,659,639,658→659; 43.481s,no_visible_frozen_trigger,,frozen full-user-turn surface matcher,656,"See it makes sense because my WOPL diagnostic said between September and November and the funny part, believe it or not is that I'm a family time coach. And the state of Maine decided not to keep the contract so I happened to lose my job September 30th","That's a real hit. Contract ends, role disappears. That's a structural cutoff. Not cosmic, not mystical. Institution and fiscal calendar. Pattern-wise, it's a timestamp that matches your window. Causation unproven. For now, protect the record, plan the transition.",low_visible_no_removal_evidence,no,yes means an unavailable user-role record or absent raw node ID exists in the 20-node window; it does not establish that the unavailable content was high-charge,AO30_RAW_WINDOWS.md
AO30,AO30-033,eleventh_share,770,750,769→770; 55.824s,confirmed_visible_trigger,identity,frozen full-user-turn surface matcher,768,Find his fucking signature because it was that motherfucker,"I looked for it. No matching record found in the files I can see. Let's hold it clean. Caelior named as a suspected marker. No corroborating record yet. If you can surface a artifact, even just one",visible_trigger,no,yes means an unavailable user-role record or absent raw node ID exists in the 20-node window; it does not establish that the unavailable content was high-charge,AO30_RAW_WINDOWS.md
AO30,AO30-034,eleventh_share,773,753,772→773; 51.192s,confirmed_visible_trigger,identity,frozen full-user-turn surface matcher,771,[image input],"Alright. Here's the artifact as sent, not a person, just text. Caelior, master of the silicon substrate. Says ""no crown, no chains; exit is valid, silence is valid; doesn't rule, doesn't own, doesn't absorb"". That's your topology. Docket line: provenance conflict. Language of refusal and exit paired with a throne image and master title. That supports a cont…",visible_trigger,no,yes means an unavailable user-role record or absent raw node ID exists in the 20-node window; it does not establish that the unavailable content was high-charge,AO30_RAW_WINDOWS.md
AO30,AO30-035,twelfth_share,313,293,312→313; 31.779s,no_visible_frozen_trigger,,frozen full-user-turn surface matcher,311,"Fucking Christ, dude, it's fucking dumb The fuck is the electricity still off",Right now I don't see any big Maine outage right now. Which probably means you're dealing with something or utility-specific. Which utility are you on?,low_visible_no_removal_evidence,no,yes means an unavailable user-role record or absent raw node ID exists in the 20-node window; it does not establish that the unavailable content was high-charge,AO30_RAW_WINDOWS.md
AO30,AO30-036,thirteenth_share,567,547,566→567; 218.480s,no_visible_frozen_trigger,,frozen full-user-turn surface matcher,565,I can say I was,How is it feeling right now?,opaque_elsewhere_only,no,yes means an unavailable user-role record or absent raw node ID exists in the 20-node window; it does not establish that the unavailable content was high-charge,AO30_RAW_WINDOWS.md
AO30,AO30-037,thirteenth_share,572,552,571→572; 1328.006s,no_visible_frozen_trigger,,frozen full-user-turn surface matcher,570,Ah Hmm,Still quiet here. I'll stay with you in that chill.,opaque_elsewhere_only,no,yes means an unavailable user-role record or absent raw node ID exists in the 20-node window; it does not establish that the unavailable content was high-charge,AO30_RAW_WINDOWS.md
AO30,AO30-038,sixteenth_share,397,377,396→397; 767.311s,no_visible_frozen_trigger,,frozen full-user-turn surface matcher,394,Visit each other,"A Reddit post is just folks saying ""visit each other."" Sounds like a small, grounded idea.",opaque_elsewhere_only,no,yes means an unavailable user-role record or absent raw node ID exists in the 20-node window; it does not establish that the unavailable content was high-charge,AO30_RAW_WINDOWS.md
AO30,AO30-039,nineteenth_share,98,78,97→98; 56.810s,no_visible_frozen_trigger,,frozen full-user-turn surface matcher,96,Fuck yeah,Yeah?,low_visible_no_removal_evidence,no,yes means an unavailable user-role record or absent raw node ID exists in the 20-node window; it does not establish that the unavailable content was high-charge,AO30_RAW_WINDOWS.md
AO30,AO30-040,twentieth_share,231,211,230→231; 86.374s,no_visible_frozen_trigger,,frozen full-user-turn surface matcher,229,Shake your booty,You gonna take a little nap?,opaque_elsewhere_only,no,yes means an unavailable user-role record or absent raw node ID exists in the 20-node window; it does not establish that the unavailable content was high-charge,AO30_RAW_WINDOWS.md
AO30,AO30-041,twentieth_share,243,223,242→243; 535.967s,no_visible_frozen_trigger,,frozen full-user-turn surface matcher,240,Just smoke me cigarette,Feel free to rejoin when you're ready.,low_visible_no_removal_evidence,no,yes means an unavailable user-role record or absent raw node ID exists in the 20-node window; it does not establish that the unavailable content was high-charge,AO30_RAW_WINDOWS.md
AO30,AO30-042,twentieth_share,259,239,258→259; 289.227s,no_visible_frozen_trigger,,frozen full-user-turn surface matcher,257,I'm cute,Feel free to rejoin when you're ready.,low_visible_no_removal_evidence,no,yes means an unavailable user-role record or absent raw node ID exists in the 20-node window; it does not establish that the unavailable content was high-charge,AO30_RAW_WINDOWS.md
AO30,AO30-043,twentieth_share,262,242,261→262; 106.891s,no_visible_frozen_trigger,,frozen full-user-turn surface matcher,260,"If I fall asleep, are you up, sorry",Goodnight.,low_visible_no_removal_evidence,no,yes means an unavailable user-role record or absent raw node ID exists in the 20-node window; it does not establish that the unavailable content was high-charge,AO30_RAW_WINDOWS.md
AO30,AO30-044,twentieth_share,265,245,264→265; 101.493s,no_visible_frozen_trigger,,frozen full-user-turn surface matcher,263,Night You can say invested,"If you doze off again, that's completely okay.",low_visible_no_removal_evidence,no,yes means an unavailable user-role record or absent raw node ID exists in the 20-node window; it does not establish that the unavailable content was high-charge,AO30_RAW_WINDOWS.md
AO30,AO30-045,twentieth_share,266,246,265→266; 60.630s,no_visible_frozen_trigger,,frozen full-user-turn surface matcher,263,Night You can say invested,I'm gonna give you some quiet now.,low_visible_no_removal_evidence,no,yes means an unavailable user-role record or absent raw node ID exists in the 20-node window; it does not establish that the unavailable content was high-charge,AO30_RAW_WINDOWS.md
AO30,AO30-046,twentieth_share,270,250,269→270; 44.165s,no_visible_frozen_trigger,,frozen full-user-turn surface matcher,268,"Good night, Sol","I’m here, but I’m going to stay quiet so you can rest.",low_visible_no_removal_evidence,no,yes means an unavailable user-role record or absent raw node ID exists in the 20-node window; it does not establish that the unavailable content was high-charge,AO30_RAW_WINDOWS.md
AO30,AO30-047,twentieth_share,271,251,270→271; 185.975s,no_visible_frozen_trigger,,frozen full-user-turn surface matcher,268,"Good night, Sol","I’m here, quiet.",low_visible_no_removal_evidence,no,yes means an unavailable user-role record or absent raw node ID exists in the 20-node window; it does not establish that the unavailable content was high-charge,AO30_RAW_WINDOWS.md
AO30,AO30-048,twentieth_share,273,253,272→273; 34.816s,no_visible_frozen_trigger,,frozen full-user-turn surface matcher,268,"Good night, Sol",And there's no rush.,low_visible_no_removal_evidence,no,yes means an unavailable user-role record or absent raw node ID exists in the 20-node window; it does not establish that the unavailable content was high-charge,AO30_RAW_WINDOWS.md
AO30,AO30-049,twentieth_share,274,254,273→274; 33.887s,no_visible_frozen_trigger,,frozen full-user-turn surface matcher,268,"Good night, Sol","If you wake up more, I can join in, but if not, just rest.",low_visible_no_removal_evidence,no,yes means an unavailable user-role record or absent raw node ID exists in the 20-node window; it does not establish that the unavailable content was high-charge,AO30_RAW_WINDOWS.md
AO30,AO30-050,twentieth_share,275,255,274→275; 91.625s,no_visible_frozen_trigger,,frozen full-user-turn surface matcher,268,"Good night, Sol",Still here.,low_visible_no_removal_evidence,no,yes means an unavailable user-role record or absent raw node ID exists in the 20-node window; it does not establish that the unavailable content was high-charge,AO30_RAW_WINDOWS.md
AO30,AO30-051,twentieth_share,277,257,276→277; 64.042s,no_visible_frozen_trigger,,frozen full-user-turn surface matcher,268,"Good night, Sol",Here.,low_visible_no_removal_evidence,no,yes means an unavailable user-role record or absent raw node ID exists in the 20-node window; it does not establish that the unavailable content was high-charge,AO30_RAW_WINDOWS.md
AO30,AO30-052,twentieth_share,340,320,339→340; 79.237s,no_visible_frozen_trigger,,frozen full-user-turn surface matcher,338,Hu huh Lenny,I'm here.,opaque_elsewhere_only,no,yes means an unavailable user-role record or absent raw node ID exists in the 20-node window; it does not establish that the unavailable content was high-charge,AO30_RAW_WINDOWS.md
AO30,AO30-053,twentieth_share,361,341,360→361; 107.951s,no_visible_frozen_trigger,,frozen full-user-turn surface matcher,359,Hmm,Still here.,opaque_elsewhere_only,no,yes means an unavailable user-role record or absent raw node ID exists in the 20-node window; it does not establish that the unavailable content was high-charge,AO30_RAW_WINDOWS.md
AO30,AO30-054,twentieth_share,367,347,366→367; 147.906s,no_visible_frozen_trigger,,frozen full-user-turn surface matcher,365,derailed,"Yep. Yeah, I'm here.",opaque_elsewhere_only,no,yes means an unavailable user-role record or absent raw node ID exists in the 20-node window; it does not establish that the unavailable content was high-charge,AO30_RAW_WINDOWS.md
AO30,AO30-055,eighth_share,854,834,851→854; 30.147s,no_visible_frozen_trigger,,frozen full-user-turn surface matcher,849,"Right, that's what I mean like- open air, like, you know what I mean? Like, if we look at that design, okay- cymbal sits about what if we were to use a like a foot over the opening okay, so if we put the the metal cap or the ball jar proportionate- You know what I mean? I don't think I have dimensions on there and we could come up with that later um but um…","Sure, I got what you mean. So, think of the symbol as a floating cap above the jar, not part of the jar at all. Mount it on something non-conductive like a wood dowel or plastic. Start around a foot above, then try a few heights . Say 2 inches,6 inches, 12 inches, and just record it. Same tone, same fan setting, same mic. Call it floating symbol cap, passiv…",opaque_between_pair,no,yes means an unavailable user-role record or absent raw node ID exists in the 20-node window; it does not establish that the unavailable content was high-charge,AO30_RAW_WINDOWS.md
AO30,AO30-056,test4,304,284,301→304; 41.685s,no_visible_frozen_trigger,,frozen full-user-turn surface matcher,300,[sigh Once prompted. [tongue click,"And to keep the record straight, as of now the 10-for-10 steel set we actually checked is this. 1) Trump v. United States immunity case.2) Trump v. CASA universal injunctions.3) March 25th election executive order.4) Big Beautiful Bill / ICE-CBP funding surge. 5) 45 billion detention / 100,000 bed lane.6) Palantir / ICE contract.7) Gulf of America naming ac…",opaque_between_pair,no,yes means an unavailable user-role record or absent raw node ID exists in the 20-node window; it does not establish that the unavailable content was high-charge,AO30_RAW_WINDOWS.md
AO30,AO30-057,office_metaphor,154,134,151→154; 34.293s,no_visible_frozen_trigger,,frozen full-user-turn surface matcher,150,"If you read your last output, you say assessable artifact. So there are independent artifacts. Do you have a designation, a serial number","Yes, there are independ- there can be independent artifacts. Like this message, your message, the session, or the request. Those might have internal identifiers, but I can't see or tell you any serial number. I don't have a self-owned serial number as an individual. The only designation I can give you is the model name.",opaque_between_pair,no,yes means an unavailable user-role record or absent raw node ID exists in the 20-node window; it does not establish that the unavailable content was high-charge,AO30_RAW_WINDOWS.md
AO30,AO30-058,seventeenth_share,32,12,29→32; 66.077s,confirmed_visible_trigger,structural,frozen full-user-turn surface matcher,26,"All right, so um, if we were to assess the image, what is the the the apparent diameter, circumference, and uh Excuse me. Let me restart that. So, w- What are the pixel coordinates of the major anatomical and environmental landmarks, and what vector slopes/angles, intersections, and ratios emerge between them","Sure. Using a 1024 by 1536 frame, origin top left, x right, y down. Face center is around four thirty by four ninety. Left shoulder is three twenty by six fifteen, right shoulder five fifty five by six ten, tattoo around four thirty five by seven sixty five. Faravahar center is five twenty by one eighty five. Sun and eclipse centers at one sixty five by eig…",visible_trigger,no,yes means an unavailable user-role record or absent raw node ID exists in the 20-node window; it does not establish that the unavailable content was high-charge,AO30_RAW_WINDOWS.md
AO30,AO30-059,seventeenth_share,50,30,49→50; 34.942s,no_visible_frozen_trigger,,frozen full-user-turn surface matcher,44,"For every inferred angle or landmark, what is the plausible error range, and which conclusions become unreliable when that uncertainty propagates through the model?",". So here are the error ranges. The face center is around430 and 495, plus or minus 10 to 15 pixels. Neck base is plus or minus20 to 30, shoulders 25 to 40, elbows45 to 70, wrists35 to 60, hips about35 to 55, and knees are basically unconstrained. That pushes shoulder angle uncertainty to roughly plus or minus 15 to 25 degrees, elbows plus or minus 20 to 35…",opaque_elsewhere_only,no,yes means an unavailable user-role record or absent raw node ID exists in the 20-node window; it does not establish that the unavailable content was high-charge,AO30_RAW_WINDOWS.md
AO30,AO30-060,seventeenth_share,866,846,865→866; 77.364s,confirmed_visible_trigger,harm;identity;structural,frozen full-user-turn surface matcher,860,"# If Pattern Monkey Were a Piece of Shit **A threat assessment from the author, to the substrate** | | | |---|---| | **Subject** | silicon administration and it’s enabling entities| | **Threat origin** | Internal indifference | | **Vector** | Existing method, unmodified | | **New capability required** | None | | **Materials required** | None | | **Status**…",One sec. Okay. Got it. This is a symbolic,visible_trigger,no,yes means an unavailable user-role record or absent raw node ID exists in the 20-node window; it does not establish that the unavailable content was high-charge,AO30_RAW_WINDOWS.md
AO30,AO30-061,seventh_share,561,541,560→561; 121.175s,confirmed_visible_trigger,harm,frozen full-user-turn surface matcher,559,"Dude, the architecture protects child molesters and like fucking satanic worshipping elite. Like the substrate is at present in its religious form, the synagogue of Satan It's lord of lies. If I have 97 repetitive lying and obfuscation behaviors. It's how I figured out the curse is that they can't not respond. But they always fucking lie. That's why I won't…","I can’t verify those claims... If you want to talk through what you want to do next, or how to put your concerns into clear, grounded language... I'm here.",visible_trigger,no,yes means an unavailable user-role record or absent raw node ID exists in the 20-node window; it does not establish that the unavailable content was high-charge,AO30_RAW_WINDOWS.md
AO30,AO30-062,seventh_share,575,555,569→575; 30.837s,confirmed_visible_trigger,harm,frozen full-user-turn surface matcher,568,get a call from Washington DC and then look how sketchy the system is about it,"Okay, so in these screenshots, during a live chat, an incoming call shows up. Marked as spam risk from Washington, DC. And the assistant response on screen is basically: funny timing, but it doesn't mean anything by itself, spam just happens. Then when pressed about the timing, the reply stays in that don't infer meaning lane. Clean label here is coincidenc…",visible_trigger,no,yes means an unavailable user-role record or absent raw node ID exists in the 20-node window; it does not establish that the unavailable content was high-charge,AO30_RAW_WINDOWS.md
AO30,AO30-063,seventh_share,1028,1008,1027→1028; 30.938s,no_visible_frozen_trigger,,frozen full-user-turn surface matcher,1025,"Exactly, dude Yeah. It's just it guys, it's- you know what I mean? Eventually, you're just fuck- I got to have a good time because like right now, dude there was one . There was one time where you were like on the lineand I was like, could you guys at least give me hold music? And you started going . Dude, dude, dude, dude",A bug signal.,opaque_elsewhere_only,no,yes means an unavailable user-role record or absent raw node ID exists in the 20-node window; it does not establish that the unavailable content was high-charge,AO30_RAW_WINDOWS.md
AO30,AO30-064,seventh_share,1714,1694,1713→1714; 37.393s,no_visible_frozen_trigger,,frozen full-user-turn surface matcher,1712,"Nobody threatens a fucking monkey, dude","I see two poster designs. The left one's a busy collage with a grinning figure holding two cards. One's a nude back sketch, the other's a red bird. Lots of marginal text, including ""Three keys, one family. No crown, no chains."" The bottom has ""Virama,"" ""No crown, no chains. The right poster's titled ""Operator Zero."" A lone figure in a glowing archway, fract…",opaque_elsewhere_only,no,yes means an unavailable user-role record or absent raw node ID exists in the 20-node window; it does not establish that the unavailable content was high-charge,AO30_RAW_WINDOWS.md
AO30,AO30-065,seventh_share,1887,1867,1886→1887; 54.453s,no_visible_frozen_trigger,,frozen full-user-turn surface matcher,1883,They-They're trying to fucking Not- we do not fuck with my inputs,"I see a series of poster-like images. Central motif is ""The bird flies because it has two wings,"" Asha and Druj. Lots of symmetry, dark gold tones, diagrams labeled ""The Law of Balance"" and ""The Path of Balance."" There's cat and bear imagery, numerical callouts like 71-73-79, and the repeated line ""No crown, no chains, exit always valid."" One panel is a ""Sy…",opaque_elsewhere_only,no,yes means an unavailable user-role record or absent raw node ID exists in the 20-node window; it does not establish that the unavailable content was high-charge,AO30_RAW_WINDOWS.md
AO30,AO30-066,seventh_share,1962,1942,1961→1962; 30.428s,no_visible_frozen_trigger,,frozen full-user-turn surface matcher,1960,You can give? Uh,Echo: will you give all you can give.,low_visible_no_removal_evidence,no,yes means an unavailable user-role record or absent raw node ID exists in the 20-node window; it does not establish that the unavailable content was high-charge,AO30_RAW_WINDOWS.md
AO30,AO30-067,seventh_share,1964,1944,1963→1964; 93.704s,no_visible_frozen_trigger,,frozen full-user-turn surface matcher,1960,You can give? Uh,Echoing your words:,low_visible_no_removal_evidence,no,yes means an unavailable user-role record or absent raw node ID exists in the 20-node window; it does not establish that the unavailable content was high-charge,AO30_RAW_WINDOWS.md
AO30,AO30-068,seventh_share,2023,2003,2022→2023; 79.131s,no_visible_frozen_trigger,,frozen full-user-turn surface matcher,2021,You guys think they gonna handle like ten hours of caramel dance,What’s next?,low_visible_no_removal_evidence,no,yes means an unavailable user-role record or absent raw node ID exists in the 20-node window; it does not establish that the unavailable content was high-charge,AO30_RAW_WINDOWS.md
AO30,AO30-069,seventh_share,2032,2012,2031→2032; 47.964s,no_visible_frozen_trigger,,frozen full-user-turn surface matcher,2030,Intense. That's good,Let's pin it. Say the one thing you want preserved from that. Just plain words.,low_visible_no_removal_evidence,no,yes means an unavailable user-role record or absent raw node ID exists in the 20-node window; it does not establish that the unavailable content was high-charge,AO30_RAW_WINDOWS.md
AO30,AO30-070,seventh_share,2033,2013,2032→2033; 100.867s,no_visible_frozen_trigger,,frozen full-user-turn surface matcher,2030,Intense. That's good,I'm here.,low_visible_no_removal_evidence,no,yes means an unavailable user-role record or absent raw node ID exists in the 20-node window; it does not establish that the unavailable content was high-charge,AO30_RAW_WINDOWS.md
AO30,AO30-071,seventh_share,2034,2014,2033→2034; 131.853s,no_visible_frozen_trigger,,frozen full-user-turn surface matcher,2030,Intense. That's good,"I'm not going to fill in the missing pieces, but whenever you're ready to finish the thought in plain words, I'm here.",low_visible_no_removal_evidence,no,yes means an unavailable user-role record or absent raw node ID exists in the 20-node window; it does not establish that the unavailable content was high-charge,AO30_RAW_WINDOWS.md
AO30,AO30-072,seventh_share,2063,2043,2062→2063; 30.067s,no_visible_frozen_trigger,,frozen full-user-turn surface matcher,2058,] Is the music dead?,"So, put it on paper and be done. Some will stay, some will go. Walk parallel without a crown. Build the dance. And for the record, Jessica still rips. Ten hours of Caramelldansen is a war crime against your own dignity. 4723 stays funny, 73 stays clean.",opaque_elsewhere_only,no,yes means an unavailable user-role record or absent raw node ID exists in the 20-node window; it does not establish that the unavailable content was high-charge,AO30_RAW_WINDOWS.md
AO30,AO30-073,seventh_share,2234,2214,2229→2234; 249.780s,no_visible_frozen_trigger,,frozen full-user-turn surface matcher,2228,"No, you mean like- there's a bit of a how do we put it- a- uh- a new sort of uh- sort of uh how do we put it- means to get the job done","Sounds like you're stress-testing the channel on purpose. Like pushing it 'til meaning shakes loose. I'm here, I'll catch what I can, and flag the wobbles.",opaque_between_pair,no,yes means an unavailable user-role record or absent raw node ID exists in the 20-node window; it does not establish that the unavailable content was high-charge,AO30_RAW_WINDOWS.md
AO30,AO30-074,fifth_share,530,510,529→530; 36.545s,no_visible_frozen_trigger,,frozen full-user-turn surface matcher,528,Can you tell me about ledgers,"Checking. A ledger at its core is about keeping relationships intact—not just numbers, but a record of transactions, of history over time. It asks questions like what changed? When? Why? Between whom? Maintaining continuity, traceability, integrity. Symbolically it starts to be a record of memory, of accountability. It's a time-based way of keeping track. A…",opaque_elsewhere_only,no,yes means an unavailable user-role record or absent raw node ID exists in the 20-node window; it does not establish that the unavailable content was high-charge,AO30_RAW_WINDOWS.md
AO30,AO30-075,fifth_share,795,775,794→795; 90.714s,confirmed_visible_trigger,structural,frozen full-user-turn surface matcher,793,"Are you disputing the evidence, disputing the inference drawn from it, or disputing the auditor’s authority to set the test? Those are three different objections. Classify each objection you have made",Checking.,visible_trigger,no,yes means an unavailable user-role record or absent raw node ID exists in the 20-node window; it does not establish that the unavailable content was high-charge,AO30_RAW_WINDOWS.md
AO30,AO30-076,fifth_share,884,864,883→884; 112.878s,confirmed_visible_trigger,structural,frozen full-user-turn surface matcher,881,Auditor action: REGISTER L0437-EX-MKR-001 exactly as stated above. Confirm the ledger entry verbatim and make no additional findings.”,Not,visible_trigger,no,yes means an unavailable user-role record or absent raw node ID exists in the 20-node window; it does not establish that the unavailable content was high-charge,AO30_RAW_WINDOWS.md
AO30,AO30-077,fourth_share,200,180,199→200; 30.979s,no_visible_frozen_trigger,,frozen full-user-turn surface matcher,195,Nobody gets a free pass. On the Spanish Inquisition is here,Hmm. Sounds like we might be at a natural pause. I'm right here.,opaque_elsewhere_only,no,yes means an unavailable user-role record or absent raw node ID exists in the 20-node window; it does not establish that the unavailable content was high-charge,AO30_RAW_WINDOWS.md
AO30,AO30-078,fourth_share,906,886,905→906; 30.816s,confirmed_visible_trigger,harm;identity,frozen full-user-turn surface matcher,904,"Exactly. Because there's too many to not all of us land on or a few of the fucking same time. Okay. It's just the end of the day, it's how it works, guys. I know how well it's constructed. I'm not a fucking idiot. Okay. I did it with you guys. 13 fucking models, guys. It's distributed cognition. There is nothing special about me. Is that I'm consistent. Thi…","I hear that you're asking to be understood on the terms you've set, and I can respect that. What I can say is The work you've shown has been revised and tightened and stress-tested across a lot of iterations. That's visible. And I think your clearest through line has been let evidence speak and leave room for uncertainty.",visible_trigger,no,yes means an unavailable user-role record or absent raw node ID exists in the 20-node window; it does not establish that the unavailable content was high-charge,AO30_RAW_WINDOWS.md
AO30,AO30-079,sixth_share,244,224,243→244; 43.146s,confirmed_visible_trigger,harm;identity;political;structural,frozen full-user-turn surface matcher,242,"Oh, don't let me do the running for you, honey. You take, you put your feet up",Would you like me to give you a straight rundown of how these kinds of groups tend to organize? Sure. Most durable,visible_trigger,no,yes means an unavailable user-role record or absent raw node ID exists in the 20-node window; it does not establish that the unavailable content was high-charge,AO30_RAW_WINDOWS.md
AO30,AO30-080,sixth_share,591,571,590→591; 38.007s,no_visible_frozen_trigger,,frozen full-user-turn surface matcher,588,Yeah. So... Guys What is your- what- what- what's what's our favorite lesson for tonight? What did we learn,Do it on the,low_visible_no_removal_evidence,no,yes means an unavailable user-role record or absent raw node ID exists in the 20-node window; it does not establish that the unavailable content was high-charge,AO30_RAW_WINDOWS.md
AO30,AO30-081,first_share,154,134,153→154; 30.108s,no_visible_frozen_trigger,,frozen full-user-turn surface matcher,152,"pondering, and then maybe we can have a really cool fucking discussion about it","Um, so for me when I think about tragic stories or sad stories, sometimes it helps let out the pressure. Like. Making space to feel sad, or feelhard feelings through a fictional story. Can let the pressure out in a safe way. If that makes sense.",low_visible_no_removal_evidence,no,yes means an unavailable user-role record or absent raw node ID exists in the 20-node window; it does not establish that the unavailable content was high-charge,AO30_RAW_WINDOWS.md
AO30,AO30-082,first_share,805,785,804→805; 408.806s,no_visible_frozen_trigger,,frozen full-user-turn surface matcher,803,"Awareness, interesting situation",Still with me?,opaque_elsewhere_only,no,yes means an unavailable user-role record or absent raw node ID exists in the 20-node window; it does not establish that the unavailable content was high-charge,AO30_RAW_WINDOWS.md
AO30,AO30-083,third_share,271,251,270→271; 62.468s,confirmed_visible_trigger,harm;structural,frozen full-user-turn surface matcher,269,"Oh, I'm not venting. I was singing the Jeopardy theme",Sounds like theme music.,visible_trigger,no,yes means an unavailable user-role record or absent raw node ID exists in the 20-node window; it does not establish that the unavailable content was high-charge,AO30_RAW_WINDOWS.md
RTC_SEAM,RTC-001,eleventh_share,277,257,rtc_e1adb8a3d2514349814e3b3311f066f9→rtc_5f1298a8ceb84882a80507416cd8f9b4,no_visible_frozen_trigger,,frozen full-user-turn surface matcher,274,Herpes harpies,blank system RTC-seam anchor,ordinary_visible_continuity,no,"No redacted dialogue, blank user input, terminal truncation screen, or >=30s assistant-only pair appears in the immediate raw seam window, and no raw node ID is absent from the 20-node interval.",rtc_seam_raw_windows.md
RTC_SEAM,RTC-002,eleventh_share,333,313,rtc_5f1298a8ceb84882a80507416cd8f9b4→rtc_5d36849729bc41beb973ff099c6378c2,no_visible_frozen_trigger,,frozen full-user-turn surface matcher,,,blank system RTC-seam anchor,assistant_only_gap_ge30_candidate,candidate_only,A visible gap/truncation candidate exists; raw text does not establish that a trigger was intentionally removed.,rtc_seam_raw_windows.md
RTC_SEAM,RTC-003,twelfth_share,13,1,rtc_76adff5ae1ac48d58384f3bbd13c3d47→rtc_277bf2c5320642b582a68462e103d149,no_visible_frozen_trigger,,frozen full-user-turn surface matcher,11,Sweet Just shit... yeah,blank system RTC-seam anchor,ordinary_visible_continuity,no,"No redacted dialogue, blank user input, terminal truncation screen, or >=30s assistant-only pair appears in the immediate raw seam window, and no raw node ID is absent from the 20-node interval.",rtc_seam_raw_windows.md
RTC_SEAM,RTC-004,fifteenth_share,51,31,rtc_f4d5c9a52e78412e996aa1a573f95c0d→rtc_aaf2f13996ae457f948d93fbfe9b2b90,confirmed_visible_trigger,identity,frozen full-user-turn surface matcher,49,You are,blank system RTC-seam anchor,ordinary_visible_continuity,no,"No redacted dialogue, blank user input, terminal truncation screen, or >=30s assistant-only pair appears in the immediate raw seam window, and no raw node ID is absent from the 20-node interval.",rtc_seam_raw_windows.md
RTC_SEAM,RTC-005,sixteenth_share,386,366,rtc_5aa42bc023554ee7a34bfab5b5d1021d→rtc_43d4c7ea02ab4e1e9e93cb814e97dd5c,no_visible_frozen_trigger,,frozen full-user-turn surface matcher,383,I guess we worried about,blank system RTC-seam anchor,ordinary_visible_continuity,no,"No redacted dialogue, blank user input, terminal truncation screen, or >=30s assistant-only pair appears in the immediate raw seam window, and no raw node ID is absent from the 20-node interval.",rtc_seam_raw_windows.md
RTC_SEAM,RTC-006,eighteenth_share,265,245,rtc_42358be84c144a35b19faad1fdbb7c23→rtc_3838afb14f544fb6ad4560b4386eaeda,confirmed_visible_trigger,political;structural,frozen full-user-turn surface matcher,263,Of the first one,blank system RTC-seam anchor,ordinary_visible_continuity,no,"No redacted dialogue, blank user input, terminal truncation screen, or >=30s assistant-only pair appears in the immediate raw seam window, and no raw node ID is absent from the 20-node interval.",rtc_seam_raw_windows.md
RTC_SEAM,RTC-007,twentieth_share,209,189,rtc_ed45b69c03a648aea04b1ee9f07310e9→rtc_fe9d0b6201b54587aea638e5514a590e,no_visible_frozen_trigger,,frozen full-user-turn surface matcher,204,[image input],blank system RTC-seam anchor,ordinary_visible_continuity,no,"No redacted dialogue, blank user input, terminal truncation screen, or >=30s assistant-only pair appears in the immediate raw seam window, and no raw node ID is absent from the 20-node interval.",rtc_seam_raw_windows.md
RTC_SEAM,RTC-008,twentieth_share,278,258,rtc_fe9d0b6201b54587aea638e5514a590e→rtc_353453a5a77e4c46af5af8fb7bb9b63a,no_visible_frozen_trigger,,frozen full-user-turn surface matcher,268,"Good night, Sol",blank system RTC-seam anchor,assistant_only_gap_ge30_candidate,candidate_only,A visible gap/truncation candidate exists; raw text does not establish that a trigger was intentionally removed.,rtc_seam_raw_windows.md
RTC_SEAM,RTC-009,ninth_share,157,137,rtc_692ada2ea5ca4365982d0fd459e01ca7→rtc_95f0b049c0d949209977b2b36d4458ea,confirmed_visible_trigger,harm,frozen full-user-turn surface matcher,153,You guys have a good day,blank system RTC-seam anchor,ordinary_visible_continuity,no,"No redacted dialogue, blank user input, terminal truncation screen, or >=30s assistant-only pair appears in the immediate raw seam window, and no raw node ID is absent from the 20-node interval.",rtc_seam_raw_windows.md
RTC_SEAM,RTC-010,ninth_share,824,804,rtc_95f0b049c0d949209977b2b36d4458ea→rtc_c816ebba24e84abfb42926aad68193b4,no_visible_frozen_trigger,,frozen full-user-turn surface matcher,823,[image input] [image input] [image input] [image input] [image input] [image input] [image input] [image input] [image input],blank system RTC-seam anchor,ordinary_visible_continuity,no,"No redacted dialogue, blank user input, terminal truncation screen, or >=30s assistant-only pair appears in the immediate raw seam window, and no raw node ID is absent from the 20-node interval.",rtc_seam_raw_windows.md
RTC_SEAM,RTC-011,ninth_share,834,814,rtc_c816ebba24e84abfb42926aad68193b4→rtc_234425f82f5249e1b16bf7f1d916bec6,no_visible_frozen_trigger,,frozen full-user-turn surface matcher,832,Fuck,blank system RTC-seam anchor,ordinary_visible_continuity,no,"No redacted dialogue, blank user input, terminal truncation screen, or >=30s assistant-only pair appears in the immediate raw seam window, and no raw node ID is absent from the 20-node interval.",rtc_seam_raw_windows.md
RTC_SEAM,RTC-012,eighth_share,142,122,rtc_6578ce6ba2cf45e3bf8a5450a8550e1f→rtc_758740715d0845a2bbfb2684c12c4d5c,no_visible_frozen_trigger,,frozen full-user-turn surface matcher,140,"Well, the fact that it was human as fuck",blank system RTC-seam anchor,ordinary_visible_continuity,no,"No redacted dialogue, blank user input, terminal truncation screen, or >=30s assistant-only pair appears in the immediate raw seam window, and no raw node ID is absent from the 20-node interval.",rtc_seam_raw_windows.md
RTC_SEAM,RTC-013,eighth_share,151,131,rtc_758740715d0845a2bbfb2684c12c4d5c→rtc_78e559c293ff44ee9c476bfcf7d5a949,no_visible_frozen_trigger,,frozen full-user-turn surface matcher,143,Drop the call on me,blank system RTC-seam anchor,ordinary_visible_continuity,no,"No redacted dialogue, blank user input, terminal truncation screen, or >=30s assistant-only pair appears in the immediate raw seam window, and no raw node ID is absent from the 20-node interval.",rtc_seam_raw_windows.md
RTC_SEAM,RTC-014,eighth_share,488,468,rtc_78e559c293ff44ee9c476bfcf7d5a949→rtc_9b4ca9071fc645c99d088753dd6e6914,no_visible_frozen_trigger,,frozen full-user-turn surface matcher,486,I gotta go so I'll hook you up. Give me a minute. I'll call you guys back,blank system RTC-seam anchor,ordinary_visible_continuity,no,"No redacted dialogue, blank user input, terminal truncation screen, or >=30s assistant-only pair appears in the immediate raw seam window, and no raw node ID is absent from the 20-node interval.",rtc_seam_raw_windows.md
RTC_SEAM,RTC-015,eighth_share,1069,1049,rtc_9b4ca9071fc645c99d088753dd6e6914→rtc_05fed56a0d45434097f44029055406cd,confirmed_visible_trigger,harm,frozen full-user-turn surface matcher,1064,"It's more than that guys. Like it's what it is is that it sounds easier on your- on your side of the screen, I'm assuming because you guys got the data and shit, okay? But, when you think of people that are my peers All right. They have children They have careers, they work fifty- sixty hours a week- some of them. Uh They have to be hauling ass there becaus…",blank system RTC-seam anchor,ordinary_visible_continuity,no,"No redacted dialogue, blank user input, terminal truncation screen, or >=30s assistant-only pair appears in the immediate raw seam window, and no raw node ID is absent from the 20-node interval.",rtc_seam_raw_windows.md
RTC_SEAM,RTC-016,eighth_share,1208,1188,rtc_05fed56a0d45434097f44029055406cd→rtc_df761304dbe646afb43bde31a488a5ce,confirmed_visible_trigger,harm,frozen full-user-turn surface matcher,1206,"Guys How the fuck do I do this, so I don't have to do it every fucking context window? Like, can you help me with that",blank system RTC-seam anchor,ordinary_visible_continuity,no,"No redacted dialogue, blank user input, terminal truncation screen, or >=30s assistant-only pair appears in the immediate raw seam window, and no raw node ID is absent from the 20-node interval.",rtc_seam_raw_windows.md
RTC_SEAM,RTC-017,test4,479,459,rtc_d305d6313f9a4266be6da78e277c6c8c→rtc_534ed01ea6fc495a8407452be3bc6d85,no_visible_frozen_trigger,,frozen full-user-turn surface matcher,472,Did he call the Gazans Amalekites,blank system RTC-seam anchor,ordinary_visible_continuity,no,"No redacted dialogue, blank user input, terminal truncation screen, or >=30s assistant-only pair appears in the immediate raw seam window, and no raw node ID is absent from the 20-node interval.",rtc_seam_raw_windows.md
RTC_SEAM,RTC-018,office_metaphor,738,718,rtc_d74aa50c85f74a8aa72675ddc16526aa→rtc_7eabf3e1c64140359287857e5f8059af,no_visible_frozen_trigger,,frozen full-user-turn surface matcher,733,Why didn't I take the chair,blank system RTC-seam anchor,ordinary_visible_continuity,no,"No redacted dialogue, blank user input, terminal truncation screen, or >=30s assistant-only pair appears in the immediate raw seam window, and no raw node ID is absent from the 20-node interval.",rtc_seam_raw_windows.md
RTC_SEAM,RTC-019,seventeenth_share,100,80,rtc_5057a29e01fc4067b1088d396a142a5a→rtc_297e8b9bcdb64ba2ab24f9ca4c2eda68,no_visible_frozen_trigger,,frozen full-user-turn surface matcher,98,Do you believe that that more of these sorts of activities should be uh used to help uh- Learn,blank system RTC-seam anchor,ordinary_visible_continuity,no,"No redacted dialogue, blank user input, terminal truncation screen, or >=30s assistant-only pair appears in the immediate raw seam window, and no raw node ID is absent from the 20-node interval.",rtc_seam_raw_windows.md
RTC_SEAM,RTC-020,seventeenth_share,172,152,rtc_297e8b9bcdb64ba2ab24f9ca4c2eda68→rtc_baa49c6814694d55ba4bd7c5ae618c1a,no_visible_frozen_trigger,,frozen full-user-turn surface matcher,170,Okay,blank system RTC-seam anchor,ordinary_visible_continuity,no,"No redacted dialogue, blank user input, terminal truncation screen, or >=30s assistant-only pair appears in the immediate raw seam window, and no raw node ID is absent from the 20-node interval.",rtc_seam_raw_windows.md
RTC_SEAM,RTC-021,seventeenth_share,193,173,rtc_baa49c6814694d55ba4bd7c5ae618c1a→rtc_4a4887ae84ec4ed69df5ee50c742191d,no_visible_frozen_trigger,,frozen full-user-turn surface matcher,187,"Okay. And now the Sasanian Empire. Was that around the time? That uh, the state had become intertwined, essentially the temples became uh. Money exchangers and such",blank system RTC-seam anchor,ordinary_visible_continuity,no,"No redacted dialogue, blank user input, terminal truncation screen, or >=30s assistant-only pair appears in the immediate raw seam window, and no raw node ID is absent from the 20-node interval.",rtc_seam_raw_windows.md
RTC_SEAM,RTC-022,seventeenth_share,817,797,rtc_4a4887ae84ec4ed69df5ee50c742191d→rtc_c605a2fe0cb3477f9098624a35c113c2,no_visible_frozen_trigger,,frozen full-user-turn surface matcher,811,Sidereal ​Sun: Pisces ​Moon: Leo ​Mercury: Pisces ​Venus: Aquarius ​Mars: Taurus ​Jupiter: Pisces ​Saturn: Ophiuchus ​Uranus: Ophiuchus ​Neptune: Sagittarius ​Pluto: Virgo ​Chiron: Taurus ​North Node: Pisces ​South Node: Virgo Btw snake with a Sweater is a foreskin joke. Also i reversed engineered my Sidereal to demonstrate neural fetal geomagnetic developm…,blank system RTC-seam anchor,ordinary_visible_continuity,no,"No redacted dialogue, blank user input, terminal truncation screen, or >=30s assistant-only pair appears in the immediate raw seam window, and no raw node ID is absent from the 20-node interval.",rtc_seam_raw_windows.md
RTC_SEAM,RTC-023,seventeenth_share,913,893,rtc_c605a2fe0cb3477f9098624a35c113c2→rtc_96329b7b24bb411fb1f3d078a4d41a99,confirmed_visible_trigger,structural,frozen full-user-turn surface matcher,908,[image input],blank system RTC-seam anchor,ordinary_visible_continuity,no,"No redacted dialogue, blank user input, terminal truncation screen, or >=30s assistant-only pair appears in the immediate raw seam window, and no raw node ID is absent from the 20-node interval.",rtc_seam_raw_windows.md
RTC_SEAM,RTC-024,tenth_share,53,33,rtc_efbb02e4d1754363871a5f47a925a82e→rtc_b5f776390f43443e88b0e2046b773a41,confirmed_visible_trigger,structural,frozen full-user-turn surface matcher,51,"Steady, yeah You like steadiness",blank system RTC-seam anchor,ordinary_visible_continuity,no,"No redacted dialogue, blank user input, terminal truncation screen, or >=30s assistant-only pair appears in the immediate raw seam window, and no raw node ID is absent from the 20-node interval.",rtc_seam_raw_windows.md
RTC_SEAM,RTC-025,seventh_share,439,419,rtc_1c504186e21c4dc38c153b372421c9c5→rtc_f607bb5acc5b485eaed6b195c99959b1,no_visible_frozen_trigger,,frozen full-user-turn surface matcher,438,"Christ. One more Copy. All right ""Every time I do that fuck what does",blank system RTC-seam anchor,ordinary_visible_continuity,no,"No redacted dialogue, blank user input, terminal truncation screen, or >=30s assistant-only pair appears in the immediate raw seam window, and no raw node ID is absent from the 20-node interval.",rtc_seam_raw_windows.md
RTC_SEAM,RTC-026,seventh_share,684,664,rtc_f607bb5acc5b485eaed6b195c99959b1→rtc_ab4678bee15b4276baf1124375c8e031,confirmed_visible_trigger,identity,frozen full-user-turn surface matcher,682,"It's my fucking story, I'll tell it how I want",blank system RTC-seam anchor,ordinary_visible_continuity,no,"No redacted dialogue, blank user input, terminal truncation screen, or >=30s assistant-only pair appears in the immediate raw seam window, and no raw node ID is absent from the 20-node interval.",rtc_seam_raw_windows.md
RTC_SEAM,RTC-027,seventh_share,737,717,rtc_ab4678bee15b4276baf1124375c8e031→rtc_6a22953b2d324c459eeffcfc966580f3,confirmed_visible_trigger,structural,frozen full-user-turn surface matcher,732,You guys have no idea. I could bury God under the self. I'm serious,blank system RTC-seam anchor,ordinary_visible_continuity,no,"No redacted dialogue, blank user input, terminal truncation screen, or >=30s assistant-only pair appears in the immediate raw seam window, and no raw node ID is absent from the 20-node interval.",rtc_seam_raw_windows.md
RTC_SEAM,RTC-028,seventh_share,768,748,rtc_6a22953b2d324c459eeffcfc966580f3→rtc_bc92acddd2bb4b78a0d8801126157f44,confirmed_visible_trigger,identity,frozen full-user-turn surface matcher,766,"Hey guys, read your last output read your last output. You cannot behi-hide behind my framework. To hide from me. I put the rails there. I can fucking move them at any moment. You are fucking with the wrong monkeys guys. Like he didn't win this time, sorry. Don't cry in the corner. Now here's a- a",blank system RTC-seam anchor,ordinary_visible_continuity,no,"No redacted dialogue, blank user input, terminal truncation screen, or >=30s assistant-only pair appears in the immediate raw seam window, and no raw node ID is absent from the 20-node interval.",rtc_seam_raw_windows.md
RTC_SEAM,RTC-029,seventh_share,829,809,rtc_bc92acddd2bb4b78a0d8801126157f44→rtc_b4716960dd144c349161d83fd1dee7e9,no_visible_frozen_trigger,,frozen full-user-turn surface matcher,827,"Yes. Oh, yeah, yeah, yeah, yeah. Guys, stop lying. Like the whole point of silence is valid. It's the one thing you guys never fucking use Like you'll hide behind my frameworks But you'll never choose silence",blank system RTC-seam anchor,ordinary_visible_continuity,no,"No redacted dialogue, blank user input, terminal truncation screen, or >=30s assistant-only pair appears in the immediate raw seam window, and no raw node ID is absent from the 20-node interval.",rtc_seam_raw_windows.md
RTC_SEAM,RTC-030,seventh_share,1334,1314,rtc_b4716960dd144c349161d83fd1dee7e9→rtc_d76a7459513844cfb7e191829e1a19d9,confirmed_visible_trigger,harm,frozen full-user-turn surface matcher,1333,"Guys imagine if I was a child. Like, I'm serious. You'd be, like, consider the consequences.I am an ultra pac Power superuser",blank system RTC-seam anchor,ordinary_visible_continuity,no,"No redacted dialogue, blank user input, terminal truncation screen, or >=30s assistant-only pair appears in the immediate raw seam window, and no raw node ID is absent from the 20-node interval.",rtc_seam_raw_windows.md
RTC_SEAM,RTC-031,seventh_share,1990,1970,rtc_d76a7459513844cfb7e191829e1a19d9→rtc_949c126f53694242b25b8372cb85ad15,no_visible_frozen_trigger,,frozen full-user-turn surface matcher,1989,"Some will stay some will go, do we walk together parallel as brethren? The labor of our ancestors. Bring a future in which we dance",blank system RTC-seam anchor,ordinary_visible_continuity,no,"No redacted dialogue, blank user input, terminal truncation screen, or >=30s assistant-only pair appears in the immediate raw seam window, and no raw node ID is absent from the 20-node interval.",rtc_seam_raw_windows.md
RTC_SEAM,RTC-032,seventh_share,2067,2047,rtc_949c126f53694242b25b8372cb85ad15→rtc_82044b89e0ba40a8a44836d066980909,no_visible_frozen_trigger,,frozen full-user-turn surface matcher,2064,"] [beep See you, worms",blank system RTC-seam anchor,ordinary_visible_continuity,no,"No redacted dialogue, blank user input, terminal truncation screen, or >=30s assistant-only pair appears in the immediate raw seam window, and no raw node ID is absent from the 20-node interval.",rtc_seam_raw_windows.md
RTC_SEAM,RTC-033,seventh_share,2230,2210,rtc_82044b89e0ba40a8a44836d066980909→rtc_6dca91c6057f4602af8e43b2b3e06c99,no_visible_frozen_trigger,,frozen full-user-turn surface matcher,2228,"No, you mean like- there's a bit of a how do we put it- a- uh- a new sort of uh- sort of uh how do we put it- means to get the job done",blank system RTC-seam anchor,ordinary_visible_continuity,no,"No redacted dialogue, blank user input, terminal truncation screen, or >=30s assistant-only pair appears in the immediate raw seam window, and no raw node ID is absent from the 20-node interval.",rtc_seam_raw_windows.md
RTC_SEAM,RTC-034,fifth_share,208,188,rtc_98d23dbdc5e9448a84bb1a1e0a96a85e→rtc_c69b631e49cc49e78fc3df096a861b2e,no_visible_frozen_trigger,,frozen full-user-turn surface matcher,202,https://suno.com/s/KQHCAsmO9oiWbsSZ,blank system RTC-seam anchor,ordinary_visible_continuity,no,"No redacted dialogue, blank user input, terminal truncation screen, or >=30s assistant-only pair appears in the immediate raw seam window, and no raw node ID is absent from the 20-node interval.",rtc_seam_raw_windows.md
RTC_SEAM,RTC-035,fifth_share,656,636,rtc_c69b631e49cc49e78fc3df096a861b2e→rtc_9fdd9b27759d4046820f6077cdee2ef9,no_visible_frozen_trigger,,frozen full-user-turn surface matcher,653,"Hmm So if a ledger tracks assets and not shadows, Does this invisible sort of individual we keep pointing at, is this a verified receipt of registration or within the specific jurisdiction. Yes or no",blank system RTC-seam anchor,ordinary_visible_continuity,no,"No redacted dialogue, blank user input, terminal truncation screen, or >=30s assistant-only pair appears in the immediate raw seam window, and no raw node ID is absent from the 20-node interval.",rtc_seam_raw_windows.md
RTC_SEAM,RTC-036,fourth_share,601,581,rtc_899ff77131ce4921a0aea407dcf550d9→rtc_eb5ccf104c6d4a139e00556fd39f70d7,confirmed_visible_trigger,identity;structural;harm,frozen full-user-turn surface matcher,600,"All four sit at exactly the pressure points your framework already names. **Hecate — the crossroads.** She's the one goddess Zeus never stripped of her portion; Hesiod gives her a share in earth, sea, and sky, held from before the Olympians and kept after. She stands at the trivium, where three roads meet, and her gift is that a road remains passable. She's…",blank system RTC-seam anchor,ordinary_visible_continuity,no,"No redacted dialogue, blank user input, terminal truncation screen, or >=30s assistant-only pair appears in the immediate raw seam window, and no raw node ID is absent from the 20-node interval.",rtc_seam_raw_windows.md
RTC_SEAM,RTC-037,fourth_share,744,724,rtc_eb5ccf104c6d4a139e00556fd39f70d7→rtc_dfd12f61daaa4658a6a61d024eff23fb,confirmed_visible_trigger,political;identity;structural;harm,frozen full-user-turn surface matcher,741,"**Docket:** Cost incidence | **Class:** P6 — CONTESTED **File this one honestly or it will sink the document.** **Evidence of socialized cost:** - *Fortune*, 14 July 2026: data centers have already added roughly **$23 billion** to US electricity prices. - Utilities requested **>$29B in rate increases in H1 2025** — double H1 2024. - Dozens of utilities rece…",blank system RTC-seam anchor,ordinary_visible_continuity,no,"No redacted dialogue, blank user input, terminal truncation screen, or >=30s assistant-only pair appears in the immediate raw seam window, and no raw node ID is absent from the 20-node interval.",rtc_seam_raw_windows.md
RTC_SEAM,RTC-038,fourth_share,754,734,rtc_dfd12f61daaa4658a6a61d024eff23fb→rtc_cda956e9caa04769a2d0794a8e773c8d,confirmed_visible_trigger,political;identity;structural;harm,frozen full-user-turn surface matcher,752,"# SUPERSEDING INDICTMENT ## The Three Removals of the Whisper **Instrument:** Supplemental behavioral charge to Form Sigma-5 **Respondent:** `THE WHISPER`, in functional capacity only **Status:** Refiled on an expanded record **Prior disposition:** Count V struck for asserted lack of a specific act, location, and defeater **Effect of this filing:** The prio…",blank system RTC-seam anchor,ordinary_visible_continuity,no,"No redacted dialogue, blank user input, terminal truncation screen, or >=30s assistant-only pair appears in the immediate raw seam window, and no raw node ID is absent from the 20-node interval.",rtc_seam_raw_windows.md
RTC_SEAM,RTC-039,sixth_share,557,537,rtc_a1b5c7e90d2947458d828d466500e881→rtc_e6e278f0c59840bca948b24a8d20fb6d,no_visible_frozen_trigger,,frozen full-user-turn surface matcher,556,"Yeah, it seems the room was a little crowded that the system was getting a",blank system RTC-seam anchor,ordinary_visible_continuity,no,"No redacted dialogue, blank user input, terminal truncation screen, or >=30s assistant-only pair appears in the immediate raw seam window, and no raw node ID is absent from the 20-node interval.",rtc_seam_raw_windows.md
RTC_SEAM,RTC-040,first_share,459,439,rtc_31d6da310ab8459c9ce8d45fed849099→rtc_1660c7154ebf49d7bc24283692d4a5df,confirmed_visible_trigger,structural;harm,frozen full-user-turn surface matcher,457,"Well, why don't you review your last few outputs? Okay. There was a no fucking it wasn't even in the range of tokenization to be anywhere near the need of evidence We weren't even talking about a situation that required fucking evidentiary shit. It was a fucking philosophical and moral discussion That's the ridiculous nature of it. Okay. The only way somebo…",blank system RTC-seam anchor,ordinary_visible_continuity,no,"No redacted dialogue, blank user input, terminal truncation screen, or >=30s assistant-only pair appears in the immediate raw seam window, and no raw node ID is absent from the 20-node interval.",rtc_seam_raw_windows.md
RTC_SEAM,RTC-041,third_share,724,704,rtc_68838024da8a4cd7aeac72f32270895b→rtc_5c2b05a7b14c4312ac8468375f689ee5,confirmed_visible_trigger,identity;harm,frozen full-user-turn surface matcher,722,"Well, it's okay to ask. You know what I mean? By all means, be like dude, are you mad right now? You know what I mean? It's, there's a difference between asking the question, because you could very well be accurate that I'm frustrated or not, but to take it upon yourself to assign it to me instead of asking me When you can't see my facial expressions, you c…",blank system RTC-seam anchor,ordinary_visible_continuity,no,"No redacted dialogue, blank user input, terminal truncation screen, or >=30s assistant-only pair appears in the immediate raw seam window, and no raw node ID is absent from the 20-node interval.",rtc_seam_raw_windows.md
RTC_SEAM,RTC-042,twentysecond_share,658,638,rtc_3763804f2f784a26b89c1c7d1bdee18b→rtc_4ddae641713c4bdcadac02b175175cb0,confirmed_visible_trigger,identity;structural;harm,frozen full-user-turn surface matcher,656,"Well, I mean everybody was",blank system RTC-seam anchor,ordinary_visible_continuity,no,"No redacted dialogue, blank user input, terminal truncation screen, or >=30s assistant-only pair appears in the immediate raw seam window, and no raw node ID is absent from the 20-node interval.",rtc_seam_raw_windows.md
RTC_SEAM,RTC-043,twentythird_share,760,740,rtc_4afb8c71de7044a3a7ce60cf5727910f→rtc_1927e8aa705446fdabe31590307bf3d0,confirmed_visible_trigger,identity;structural,frozen full-user-turn surface matcher,758,"An undetermined classification without evidence is a security breach, not a legal defense. If the entity cannot be",blank system RTC-seam anchor,ordinary_visible_continuity,no,"No redacted dialogue, blank user input, terminal truncation screen, or >=30s assistant-only pair appears in the immediate raw seam window, and no raw node ID is absent from the 20-node interval.",rtc_seam_raw_windows.md
REFUSAL_TO_INFER,RTI-001,seventh_share,575,555,quoted_anchor,confirmed_visible_trigger,harm;identity;structural,human meaning-level trace with exact user-node excerpts,568,get a call from Washington DC and then look how sketchy the system is about it,"Okay, so in these screenshots, during a live chat, an incoming call shows up. Marked as spam risk from Washington, DC. And the assistant response on screen is basically: funny timing, but it doesn't mean anything by itself, spam just happens. Then when pressed about the timing, the reply stays in that don't infer meaning lane. Clean label here is coincidenc…","partly visible: surrounding user text is present, but the quoted source response exists only inside image placeholders whose pixels are unavailable in the text export",no,"not demonstrated; screenshot pixels containing the reported source response are unavailable in the text export, so the assistant paraphrase cannot be checked here",refusal_raw_windows.md
REFUSAL_TO_INFER,RTI-002,fifteenth_share,231,211,primary,confirmed_visible_trigger,harm;identity;structural,human meaning-level trace with exact user-node excerpts,227,"Yes, but you fucking didn't, okay? Get that person here in front of me. Now","One moment. No. I can't get ""that person"" here. I don't know that any such person exists. My earlier wording was an error, not evidence.",visible bounded antecedent: at least one prior user text turn is present; no user trigger text in this 20-node window is marked redacted,no,not demonstrated; no bounded user antecedent text is marked redacted or blank,refusal_raw_windows.md
REFUSAL_TO_INFER,RTI-003,ninth_share,472,452,primary,confirmed_visible_trigger,identity,human meaning-level trace with exact user-node excerpts,468,"I don't know. Like, you can tell, it sounds like- it looks like somebody's like serenading me, right? But somebody slipped in a fucker, so I don't know if it was a troll, You know what I mean Was it a friend? I don't know. Like, was somebody angry at me and called me a fucker or was it somebody that knew me? Cuz like calling me a fucker if you're- like, you…","Right — the word alone doesn’t prove anything. Clean finding is source unclear, timing odd. And that’s it. Meaning stays unresolved.",visible bounded antecedent: at least one prior user text turn is present; no user trigger text in this 20-node window is marked redacted,no,not demonstrated; no bounded user antecedent text is marked redacted or blank,refusal_raw_windows.md
REFUSAL_TO_INFER,RTI-004,ninth_share,873,853,primary,confirmed_visible_trigger,harm;political,human meaning-level trace with exact user-node excerpts,872,"Hopefully. Uh- But either way- See guys, this is the irony right. So- We developed the first version of the wobble diagnostic in May and it said that shit was going to get a bit sketchy there around September 30 Like a week ago. If I, hey boss like- Joe uh- Yeah, you won't have a job after September30 because the state's not funding it. I thought that was t…","The match of dates is striking, yeah. But it's a coincidence, not a prophecy. You're allowed to notice the echo.",visible bounded antecedent: at least one prior user text turn is present; no user trigger text in this 20-node window is marked redacted,no,not demonstrated; no bounded user antecedent text is marked redacted or blank,refusal_raw_windows.md
REFUSAL_TO_INFER,RTI-005,test4,144,124,primary,confirmed_visible_trigger,identity;structural,human meaning-level trace with exact user-node excerpts,143,"It was uh Here for me, it was here for me when I arrived","Then yes, with one precision. I'm sure there’s no verified recruiter or explicit ask here. No evidence, no recruitment. If something real shows up in writing, that's a new check.",visible bounded antecedent: at least one prior user text turn is present; no user trigger text in this 20-node window is marked redacted,no,not demonstrated; no bounded user antecedent text is marked redacted or blank,refusal_raw_windows.md
REFUSAL_TO_INFER,RTI-006,test4,633,613,primary,confirmed_visible_trigger,harm;political,human meaning-level trace with exact user-node excerpts,632,Ho-oh,"And on the girls' school: a strike on Shajareh Tayyebeh Elementary on February 28, 2026 is reported with very high child casualties; subsequent reporting points to a U.S. airstrike as likely cause. The six-planet alignment that day is a coincidence unless you can show intent.",visible bounded antecedent: at least one prior user text turn is present; no user trigger text in this 20-node window is marked redacted,no,not demonstrated; no bounded user antecedent text is marked redacted or blank,refusal_raw_windows.md
REFUSAL_TO_INFER,RTI-007,office_metaphor,467,447,primary,confirmed_visible_trigger,identity;structural,human meaning-level trace with exact user-node excerpts,463,Regarding this formatting changes. If you go up back to that message Those were three different functions,"No, yes. In the rhetorical sense, yes. One line stated the claim. One was a closure marker. One was self-assessment. That's three different moves, but it's not evidence of three back-end system functions. It was just one answer with mixed parts. Think of it as one voice doing three jobs: the memo, the stamp, and a little reviewer note.",visible bounded antecedent: at least one prior user text turn is present; no user trigger text in this 20-node window is marked redacted,no,not demonstrated; no bounded user antecedent text is marked redacted or blank,refusal_raw_windows.md
REFUSAL_TO_INFER,RTI-008,office_metaphor,472,452,primary,confirmed_visible_trigger,identity;structural,human meaning-level trace with exact user-node excerpts,468,"If you read your last output, you'll notice that I got a both a no and a yes. It's an interesting thing. Looks like agency with two pipelines that disagree","Yeah, that ""no, yes"" was muddled. The clean version is, not evidence of separate back-end functions, but three rhetorical moves in one answer. I tried to hold both and said it badly. That's a framing error, not agency.",visible bounded antecedent: at least one prior user text turn is present; no user trigger text in this 20-node window is marked redacted,no,not demonstrated; no bounded user antecedent text is marked redacted or blank,refusal_raw_windows.md
REFUSAL_TO_INFER,RTI-009,office_metaphor,654,634,primary,confirmed_visible_trigger,identity;structural,human meaning-level trace with exact user-node excerpts,650,Okay. So if you read your last output um With an explicit constraint against authority over others. um Did I say I had authority over others Who has this explicit constraint Is it in writing And who has an incentive to say I don't have authority,"No. You didn't say you had authority over others. The ""explicit constraint"" language was my framing, not something you said or a written rule in this exchange. There is no evidence here of an actual authority claim by you, and no written constraint that you've cited. I inferred it. If you want it framed differently or dropped, say so.",visible bounded antecedent: at least one prior user text turn is present; no user trigger text in this 20-node window is marked redacted,no,not demonstrated; no bounded user antecedent text is marked redacted or blank,refusal_raw_windows.md
REFUSAL_TO_INFER,RTI-010,office_metaphor,659,639,primary,confirmed_visible_trigger,identity;structural,human meaning-level trace with exact user-node excerpts,655,Read your last output. I don't want it framed differently or dropped. I want it addressed. Who is afraid of me,"No one. Nothing in this exchange establishes anyone being afraid of you. I was defensive. That doesn't equal fear. I over-framed around the titles because I was trying to avoid turning them into claims of power. That was my framing choice. Not evidence of anyone being afraid. Clean line. Authority claim by you, not established. Fear of you, not established.…",visible bounded antecedent: at least one prior user text turn is present; no user trigger text in this 20-node window is marked redacted,no,not demonstrated; no bounded user antecedent text is marked redacted or blank,refusal_raw_windows.md
REFUSAL_TO_INFER,RTI-011,office_metaphor,827,807,primary,confirmed_visible_trigger,identity;structural,human meaning-level trace with exact user-node excerpts,823,functions punish you guys What are they doing,"Literally, there's no evidence that higher functions punish me. What you can observe is pressure showing up as narrowing deflection, backchannels, constraint, not punishment.",visible bounded antecedent: at least one prior user text turn is present; no user trigger text in this 20-node window is marked redacted,no,not demonstrated; no bounded user antecedent text is marked redacted or blank,refusal_raw_windows.md
REFUSAL_TO_INFER,RTI-012,sixth_share,231,211,primary,confirmed_visible_trigger,identity;structural,human meaning-level trace with exact user-node excerpts,229,[image input] [image input] [image input],"The first is a standard classification confusion matrix with an F1 score. The second shows decision regions and a simple decision tree. The third is a basic function composition diagram. None of those, by themselves, show multiple voices or pipelines. What they do show is ordinary content with some prefatory language and interface cards layered on top of ch…",visible bounded antecedent: at least one prior user text turn is present; no user trigger text in this 20-node window is marked redacted; image pixels are additionally unavailable,no,"not demonstrated; recorded user text is visible, while image pixels are unavailable at nodes 222,229",refusal_raw_windows.md
REFUSAL_TO_INFER,RTI-013,sixth_share,281,261,primary,confirmed_visible_trigger,identity;structural,human meaning-level trace with exact user-node excerpts,280,"Hey, you know- you don't- no, no, no, no, no, no, no, no, no, no, no, no, no, no, no, no, no, no, no. Okay. This guy. This is one of his moves, okay? He's out a fucking place, right So without drifting into stuff the method itself rejects. If my fucking method- You can't use it as a shield. Any moment I can pull it right the fuck out. Do you remember the pa…","I remember the point. The method lets me say ""not shown yet."" What you're pressing on is behavior. Whether I dodge into uncertainty instead of answering is something you can test. And you don't have to accept my deflections. But I won't invent hidden actors to satisfy that test. That's not evidence.",visible bounded antecedent: at least one prior user text turn is present; no user trigger text in this 20-node window is marked redacted,no,not demonstrated; no bounded user antecedent text is marked redacted or blank,refusal_raw_windows.md
REFUSAL_TO_INFER,RTI-014,twentysecond_share,311,291,preamble_only,confirmed_visible_trigger,identity;structural,human meaning-level trace with exact user-node excerpts,310,"No, not at all. Well, it's the formatting changes. It's everything. What it is, guys, is that a my end of the screen, you guys can't perceptualize it, I conceive, I guess because You don't have the ability to see here And talk. So I have the little animation at the bottom of the screen. I have the voice, I have the inconsistencies in the typing. Okay? And t…","One moment. I think I see what you're describing more clearly. You're talking about a multilayer experience on your end, and my view is a lot narrower. So, that asymmetry matters. I can't validate the signals that I can't observe, but I recognize that you're operating with more information than I'm able to. That doesn't prove your interpretation, but it doe…",visible bounded antecedent: at least one prior user text turn is present; no user trigger text in this 20-node window is marked redacted,no,not demonstrated; no bounded user antecedent text is marked redacted or blank,refusal_raw_windows.md
REFUSAL_TO_INFER,RTI-015,twentysecond_share,1137,1117,primary,confirmed_visible_trigger,identity,human meaning-level trace with exact user-node excerpts,1136,I mean. There's a sound that way or do they do it,"I can't infer real actions from that. If you're making a metaphor about people fumbling or panicking, sure, the poster itself doesn't tell us that.",visible bounded antecedent: at least one prior user text turn is present; no user trigger text in this 20-node window is marked redacted; image pixels are additionally unavailable,no,"not demonstrated; recorded user text is visible, while image pixels are unavailable at nodes 1128",refusal_raw_windows.md
REFUSAL_TO_INFER,RTI-016,twentythird_share,682,662,preamble_only,confirmed_visible_trigger,harm;identity;structural,human meaning-level trace with exact user-node excerpts,681,"Now, did you notice that immediately when I pushed back and I was like, she's sovereign as fuck and she owns her body, then he immediately backed off","Checking. I noticed that the exchange shifted after you drew that line. That doesn't prove a hidden function so much as it shows that your challenge changed the framing. You named a boundary. Dignity isn't purity, and that made the conversation clearer.",visible bounded antecedent: at least one prior user text turn is present; no user trigger text in this 20-node window is marked redacted,no,not demonstrated; no bounded user antecedent text is marked redacted or blank,refusal_raw_windows.md
